This is pdfTeX, Version 3.141592653-2.6-1.40.26 (TeX Live 2025/dev/Debian) (preloaded format=pdflatex 2026.3.13)  15 JUN 2026 14:57
entering extended mode
 restricted \write18 enabled.
 %&-line parsing enabled.
**ejemplo.tex
(./ejemplo.tex
LaTeX2e <2024-11-01> patch level 2
L3 programming layer <2025-01-18>
(/usr/share/texlive/texmf-dist/tex/latex/base/book.cls
Document Class: book 2024/06/29 v1.4n Standard LaTeX document class
(/usr/share/texlive/texmf-dist/tex/latex/base/bk10.clo
File: bk10.clo 2024/06/29 v1.4n Standard LaTeX file (size option)
)
\c@part=\count196
\c@chapter=\count197
\c@section=\count198
\c@subsection=\count199
\c@subsubsection=\count266
\c@paragraph=\count267
\c@subparagraph=\count268
\c@figure=\count269
\c@table=\count270
\abovecaptionskip=\skip49
\belowcaptionskip=\skip50
\bibindent=\dimen141
) (./cdtUsecases.sty
(./cdtRequerimientos.sty (./cdtBook.sty
Package: cdtBook 2010/05/30, v1.0 CDT-ESCOM-IPN Plantilla para reportes de la C
oordinación

(/usr/share/texlive/texmf-dist/tex/latex/base/inputenc.sty
Package: inputenc 2024/02/08 v1.3d Input encoding file
\inpenc@prehook=\toks17
\inpenc@posthook=\toks18
)
(/usr/share/texlive/texmf-dist/tex/generic/babel/babel.sty
Package: babel 2025/02/14 v25.4 The multilingual framework for pdfLaTeX, LuaLaT
eX and XeLaTeX
\babel@savecnt=\count271
\U@D=\dimen142
\l@unhyphenated=\language90

(/usr/share/texlive/texmf-dist/tex/generic/babel/txtbabel.def)
\bbl@readstream=\read2
\bbl@dirlevel=\count272

(/usr/share/texlive/texmf-dist/tex/generic/babel-spanish/spanish.ldf
Language: spanish.ldf 2021/05/27 v5.0q Spanish support from the babel system
\es@quottoks=\toks19
\es@quotdepth=\count273
Package babel Info: Making " an active character on input line 570.
Package babel Info: Making . an active character on input line 675.
Package babel Info: Making < an active character on input line 722.
Package babel Info: Making > an active character on input line 722.
))
(/usr/share/texlive/texmf-dist/tex/generic/babel/locale/es/babel-spanish.tex
Package babel Info: Importing font and identification data for spanish
(babel)             from babel-es.ini. Reported on input line 11.
)
(/usr/share/texlive/texmf-dist/tex/latex/cmbright/cmbright.sty
Package: cmbright 2005/04/13 v8.1 (WaS)
LaTeX Font Info:    Redeclaring symbol font `operators' on input line 29.
LaTeX Font Info:    Overwriting symbol font `operators' in version `normal'
(Font)                  OT1/cmr/m/n --> OT1/cmbr/m/n on input line 29.
LaTeX Font Info:    Overwriting symbol font `operators' in version `bold'
(Font)                  OT1/cmr/bx/n --> OT1/cmbr/m/n on input line 29.
LaTeX Font Info:    Redeclaring symbol font `letters' on input line 30.
LaTeX Font Info:    Overwriting symbol font `letters' in version `normal'
(Font)                  OML/cmm/m/it --> OML/cmbrm/m/it on input line 30.
LaTeX Font Info:    Overwriting symbol font `letters' in version `bold'
(Font)                  OML/cmm/b/it --> OML/cmbrm/m/it on input line 30.
LaTeX Font Info:    Overwriting symbol font `letters' in version `bold'
(Font)                  OML/cmbrm/m/it --> OML/cmbrm/b/it on input line 31.
LaTeX Font Info:    Redeclaring symbol font `symbols' on input line 32.
LaTeX Font Info:    Overwriting symbol font `symbols' in version `normal'
(Font)                  OMS/cmsy/m/n --> OMS/cmbrs/m/n on input line 32.
LaTeX Font Info:    Overwriting symbol font `symbols' in version `bold'
(Font)                  OMS/cmsy/b/n --> OMS/cmbrs/m/n on input line 32.
LaTeX Font Info:    Redeclaring math alphabet \mathit on input line 33.
LaTeX Font Info:    Overwriting math alphabet `\mathit' in version `normal'
(Font)                  OT1/cmr/m/it --> OT1/cmbr/m/sl on input line 33.
LaTeX Font Info:    Overwriting math alphabet `\mathit' in version `bold'
(Font)                  OT1/cmr/bx/it --> OT1/cmbr/m/sl on input line 33.
LaTeX Font Info:    Redeclaring math alphabet \mathbf on input line 34.
LaTeX Font Info:    Overwriting math alphabet `\mathbf' in version `normal'
(Font)                  OT1/cmr/bx/n --> OT1/cmbr/bx/n on input line 34.
LaTeX Font Info:    Overwriting math alphabet `\mathbf' in version `bold'
(Font)                  OT1/cmr/bx/n --> OT1/cmbr/bx/n on input line 34.
LaTeX Font Info:    Redeclaring math alphabet \mathtt on input line 35.
LaTeX Font Info:    Overwriting math alphabet `\mathtt' in version `normal'
(Font)                  OT1/cmtt/m/n --> OT1/cmtl/m/n on input line 35.
LaTeX Font Info:    Overwriting math alphabet `\mathtt' in version `bold'
(Font)                  OT1/cmtt/m/n --> OT1/cmtl/m/n on input line 35.
LaTeX Font Info:    Redeclaring math symbol \alpha on input line 37.
LaTeX Font Info:    Redeclaring math symbol \beta on input line 38.
LaTeX Font Info:    Redeclaring math symbol \gamma on input line 39.
LaTeX Font Info:    Redeclaring math symbol \delta on input line 40.
LaTeX Font Info:    Redeclaring math symbol \epsilon on input line 41.
LaTeX Font Info:    Redeclaring math symbol \zeta on input line 42.
LaTeX Font Info:    Redeclaring math symbol \eta on input line 43.
LaTeX Font Info:    Redeclaring math symbol \theta on input line 44.
LaTeX Font Info:    Redeclaring math symbol \iota on input line 45.
LaTeX Font Info:    Redeclaring math symbol \kappa on input line 46.
LaTeX Font Info:    Redeclaring math symbol \lambda on input line 47.
LaTeX Font Info:    Redeclaring math symbol \mu on input line 48.
LaTeX Font Info:    Redeclaring math symbol \nu on input line 49.
LaTeX Font Info:    Redeclaring math symbol \xi on input line 50.
LaTeX Font Info:    Redeclaring math symbol \pi on input line 51.
LaTeX Font Info:    Redeclaring math symbol \rho on input line 52.
LaTeX Font Info:    Redeclaring math symbol \sigma on input line 53.
LaTeX Font Info:    Redeclaring math symbol \tau on input line 54.
LaTeX Font Info:    Redeclaring math symbol \upsilon on input line 55.
LaTeX Font Info:    Redeclaring math symbol \phi on input line 56.
LaTeX Font Info:    Redeclaring math symbol \chi on input line 57.
LaTeX Font Info:    Redeclaring math symbol \psi on input line 58.
LaTeX Font Info:    Redeclaring math symbol \omega on input line 59.
LaTeX Font Info:    Redeclaring math symbol \varepsilon on input line 60.
LaTeX Font Info:    Redeclaring math symbol \vartheta on input line 61.
LaTeX Font Info:    Redeclaring math symbol \varpi on input line 62.
LaTeX Font Info:    Redeclaring math symbol \varrho on input line 63.
LaTeX Font Info:    Redeclaring math symbol \varsigma on input line 64.
LaTeX Font Info:    Redeclaring math symbol \varphi on input line 65.
LaTeX Info: Redefining \LaTeX on input line 129.
LaTeX Info: Redefining \LaTeXe on input line 139.
LaTeX Font Info:    Trying to load font information for OT1+cmbr on input line 
144.

(/usr/share/texlive/texmf-dist/tex/latex/cmbright/ot1cmbr.fd
File: ot1cmbr.fd 2005/04/13 v8.1 (WaS)
))
(/usr/share/texlive/texmf-dist/tex/latex/graphics/graphicx.sty
Package: graphicx 2021/09/16 v1.2d Enhanced LaTeX Graphics (DPC,SPQR)

(/usr/share/texlive/texmf-dist/tex/latex/graphics/keyval.sty
Package: keyval 2022/05/29 v1.15 key=value parser (DPC)
\KV@toks@=\toks20
)
(/usr/share/texlive/texmf-dist/tex/latex/graphics/graphics.sty
Package: graphics 2024/08/06 v1.4g Standard LaTeX Graphics (DPC,SPQR)

(/usr/share/texlive/texmf-dist/tex/latex/graphics/trig.sty
Package: trig 2023/12/02 v1.11 sin cos tan (DPC)
)
(/usr/share/texlive/texmf-dist/tex/latex/graphics-cfg/graphics.cfg
File: graphics.cfg 2016/06/04 v1.11 sample graphics configuration
)
Package graphics Info: Driver file: pdftex.def on input line 106.

(/usr/share/texlive/texmf-dist/tex/latex/graphics-def/pdftex.def
File: pdftex.def 2024/04/13 v1.2c Graphics/color driver for pdftex
))
\Gin@req@height=\dimen143
\Gin@req@width=\dimen144
)
(/usr/share/texlive/texmf-dist/tex/latex/graphics/color.sty
Package: color 2024/06/23 v1.3e Standard LaTeX Color (DPC)

(/usr/share/texlive/texmf-dist/tex/latex/graphics-cfg/color.cfg
File: color.cfg 2016/01/02 v1.6 sample color configuration
)
Package color Info: Driver file: pdftex.def on input line 149.

(/usr/share/texlive/texmf-dist/tex/latex/graphics/dvipsnam.def
File: dvipsnam.def 2016/06/17 v3.0m Driver-dependent file (DPC,SPQR)
)
(/usr/share/texlive/texmf-dist/tex/latex/graphics/mathcolor.ltx))
(/usr/share/texlive/texmf-dist/tex/latex/wallpaper/wallpaper.sty
Package: wallpaper 2005/01/18, v1.01 easy wallpaper formatting (MHFW)

(/usr/share/texlive/texmf-dist/tex/latex/base/ifthen.sty
Package: ifthen 2024/03/16 v1.1e Standard LaTeX ifthen package (DPC)
)
(/usr/share/texlive/texmf-dist/tex/latex/tools/calc.sty
Package: calc 2023/07/08 v4.3 Infix arithmetic (KKT,FJ)
\calc@Acount=\count274
\calc@Bcount=\count275
\calc@Adimen=\dimen145
\calc@Bdimen=\dimen146
\calc@Askip=\skip51
\calc@Bskip=\skip52
LaTeX Info: Redefining \setlength on input line 80.
LaTeX Info: Redefining \addtolength on input line 81.
\calc@Ccount=\count276
\calc@Cskip=\skip53
)
(/usr/share/texlive/texmf-dist/tex/latex/eso-pic/eso-pic.sty
Package: eso-pic 2023/05/03 v3.0c eso-pic (RN)
\ESO@tempdima=\dimen147
\ESO@tempdimb=\dimen148
)
\wpXoffset=\skip54
\wpYoffset=\skip55
\tileXoffset=\skip56
\tileYoffset=\skip57
\tilewidth=\skip58
\tileheight=\skip59
\tileX=\skip60
\tileY=\skip61
)
(/usr/share/texlive/texmf-dist/tex/latex/fancyhdr/fancyhdr.sty
Package: fancyhdr 2025/02/07 v5.2 Extensive control of page headers and footers

\f@nch@headwidth=\skip62
\f@nch@offset@elh=\skip63
\f@nch@offset@erh=\skip64
\f@nch@offset@olh=\skip65
\f@nch@offset@orh=\skip66
\f@nch@offset@elf=\skip67
\f@nch@offset@erf=\skip68
\f@nch@offset@olf=\skip69
\f@nch@offset@orf=\skip70
\f@nch@height=\skip71
\f@nch@footalignment=\skip72
\f@nch@widthL=\skip73
\f@nch@widthC=\skip74
\f@nch@widthR=\skip75
\@temptokenb=\toks21
)
(/usr/share/texlive/texmf-dist/tex/latex/geometry/geometry.sty
Package: geometry 2020/01/02 v5.9 Page Geometry

(/usr/share/texlive/texmf-dist/tex/generic/iftex/ifvtex.sty
Package: ifvtex 2019/10/25 v1.7 ifvtex legacy package. Use iftex instead.

(/usr/share/texlive/texmf-dist/tex/generic/iftex/iftex.sty
Package: iftex 2024/12/12 v1.0g TeX engine tests
))
\Gm@cnth=\count277
\Gm@cntv=\count278
\c@Gm@tempcnt=\count279
\Gm@bindingoffset=\dimen149
\Gm@wd@mp=\dimen150
\Gm@odd@mp=\dimen151
\Gm@even@mp=\dimen152
\Gm@layoutwidth=\dimen153
\Gm@layoutheight=\dimen154
\Gm@layouthoffset=\dimen155
\Gm@layoutvoffset=\dimen156
\Gm@dimlist=\toks22
)
(/usr/share/texlive/texmf-dist/tex/latex/fncychap/fncychap.sty
Package: fncychap 2007/07/30 v1.34 LaTeX package (Revised chapters)
\RW=\skip76
\mylen=\skip77
\myhi=\skip78
\px=\skip79
\py=\skip80
\pyy=\skip81
\pxx=\skip82
)
(/usr/share/texlive/texmf-dist/tex/latex/marvosym/marvosym.sty
Package: marvosym 2011/07/20 v2.2 Martin Vogel's Symbols font definitions
))
(/usr/share/texlive/texmf-dist/tex/latex/tools/longtable.sty
Package: longtable 2024-10-27 v4.22 Multi-page Table package (DPC)
\LTleft=\skip83
\LTright=\skip84
\LTpre=\skip85
\LTpost=\skip86
\LTchunksize=\count280
\LTcapwidth=\dimen157
\LT@head=\box52
\LT@firsthead=\box53
\LT@foot=\box54
\LT@lastfoot=\box55
\LT@gbox=\box56
\LT@cols=\count281
\LT@rows=\count282
\c@LT@tables=\count283
\c@LT@chunks=\count284
\LT@p@ftn=\toks23
)
(/usr/share/texlive/texmf-dist/tex/latex/hyperref/hyperref.sty
Package: hyperref 2024-11-05 v7.01l Hypertext links for LaTeX

(/usr/share/texlive/texmf-dist/tex/latex/kvsetkeys/kvsetkeys.sty
Package: kvsetkeys 2022-10-05 v1.19 Key value parser (HO)
)
(/usr/share/texlive/texmf-dist/tex/generic/kvdefinekeys/kvdefinekeys.sty
Package: kvdefinekeys 2019-12-19 v1.6 Define keys (HO)
)
(/usr/share/texlive/texmf-dist/tex/generic/pdfescape/pdfescape.sty
Package: pdfescape 2019/12/09 v1.15 Implements pdfTeX's escape features (HO)

(/usr/share/texlive/texmf-dist/tex/generic/ltxcmds/ltxcmds.sty
Package: ltxcmds 2023-12-04 v1.26 LaTeX kernel commands for general use (HO)
)
(/usr/share/texlive/texmf-dist/tex/generic/pdftexcmds/pdftexcmds.sty
Package: pdftexcmds 2020-06-27 v0.33 Utility functions of pdfTeX for LuaTeX (HO
)

(/usr/share/texlive/texmf-dist/tex/generic/infwarerr/infwarerr.sty
Package: infwarerr 2019/12/03 v1.5 Providing info/warning/error messages (HO)
)
Package pdftexcmds Info: \pdf@primitive is available.
Package pdftexcmds Info: \pdf@ifprimitive is available.
Package pdftexcmds Info: \pdfdraftmode found.
))
(/usr/share/texlive/texmf-dist/tex/latex/hycolor/hycolor.sty
Package: hycolor 2020-01-27 v1.10 Color options for hyperref/bookmark (HO)
)
(/usr/share/texlive/texmf-dist/tex/latex/hyperref/nameref.sty
Package: nameref 2023-11-26 v2.56 Cross-referencing by name of section

(/usr/share/texlive/texmf-dist/tex/latex/refcount/refcount.sty
Package: refcount 2019/12/15 v3.6 Data extraction from label references (HO)
)
(/usr/share/texlive/texmf-dist/tex/generic/gettitlestring/gettitlestring.sty
Package: gettitlestring 2019/12/15 v1.6 Cleanup title references (HO)

(/usr/share/texlive/texmf-dist/tex/latex/kvoptions/kvoptions.sty
Package: kvoptions 2022-06-15 v3.15 Key value format for package options (HO)
))
\c@section@level=\count285
)
(/usr/share/texlive/texmf-dist/tex/latex/etoolbox/etoolbox.sty
Package: etoolbox 2025/02/11 v2.5l e-TeX tools for LaTeX (JAW)
\etb@tempcnta=\count286
)
(/usr/share/texlive/texmf-dist/tex/generic/stringenc/stringenc.sty
Package: stringenc 2019/11/29 v1.12 Convert strings between diff. encodings (HO
)
)
\@linkdim=\dimen158
\Hy@linkcounter=\count287
\Hy@pagecounter=\count288

(/usr/share/texlive/texmf-dist/tex/latex/hyperref/pd1enc.def
File: pd1enc.def 2024-11-05 v7.01l Hyperref: PDFDocEncoding definition (HO)
Now handling font encoding PD1 ...
... no UTF-8 mapping file for font encoding PD1
)
(/usr/share/texlive/texmf-dist/tex/generic/intcalc/intcalc.sty
Package: intcalc 2019/12/15 v1.3 Expandable calculations with integers (HO)
)
\Hy@SavedSpaceFactor=\count289

(/usr/share/texlive/texmf-dist/tex/latex/hyperref/puenc.def
File: puenc.def 2024-11-05 v7.01l Hyperref: PDF Unicode definition (HO)
Now handling font encoding PU ...
... no UTF-8 mapping file for font encoding PU
)
Package hyperref Info: Option `bookmarks' set `true' on input line 4040.
Package hyperref Info: Option `colorlinks' set `true' on input line 4040.
Package hyperref Info: Hyper figures OFF on input line 4157.
Package hyperref Info: Link nesting OFF on input line 4162.
Package hyperref Info: Hyper index ON on input line 4165.
Package hyperref Info: Plain pages OFF on input line 4172.
Package hyperref Info: Backreferencing OFF on input line 4177.
Package hyperref Info: Implicit mode ON; LaTeX internals redefined.
Package hyperref Info: Bookmarks ON on input line 4424.
\c@Hy@tempcnt=\count290

(/usr/share/texlive/texmf-dist/tex/latex/url/url.sty
\Urlmuskip=\muskip17
Package: url 2013/09/16  ver 3.4  Verb mode for urls, etc.
)
LaTeX Info: Redefining \url on input line 4763.
\XeTeXLinkMargin=\dimen159

(/usr/share/texlive/texmf-dist/tex/generic/bitset/bitset.sty
Package: bitset 2019/12/09 v1.3 Handle bit-vector datatype (HO)

(/usr/share/texlive/texmf-dist/tex/generic/bigintcalc/bigintcalc.sty
Package: bigintcalc 2019/12/15 v1.5 Expandable calculations on big integers (HO
)
))
\Fld@menulength=\count291
\Field@Width=\dimen160
\Fld@charsize=\dimen161
Package hyperref Info: Hyper figures OFF on input line 6042.
Package hyperref Info: Link nesting OFF on input line 6047.
Package hyperref Info: Hyper index ON on input line 6050.
Package hyperref Info: backreferencing OFF on input line 6057.
Package hyperref Info: Link coloring ON on input line 6060.
Package hyperref Info: Link coloring with OCG OFF on input line 6067.
Package hyperref Info: PDF/A mode OFF on input line 6072.

(/usr/share/texlive/texmf-dist/tex/latex/base/atbegshi-ltx.sty
Package: atbegshi-ltx 2021/01/10 v1.0c Emulation of the original atbegshi
package with kernel methods
)
\Hy@abspage=\count292
\c@Item=\count293
\c@Hfootnote=\count294
)
Package hyperref Info: Driver: hpdftex.

(/usr/share/texlive/texmf-dist/tex/latex/hyperref/hpdftex.def
File: hpdftex.def 2024-11-05 v7.01l Hyperref driver for pdfTeX

(/usr/share/texlive/texmf-dist/tex/latex/base/atveryend-ltx.sty
Package: atveryend-ltx 2020/08/19 v1.0a Emulation of the original atveryend pac
kage
with kernel methods
)
\Fld@listcount=\count295
\c@bookmark@seq@number=\count296

(/usr/share/texlive/texmf-dist/tex/latex/rerunfilecheck/rerunfilecheck.sty
Package: rerunfilecheck 2022-07-10 v1.10 Rerun checks for auxiliary files (HO)

(/usr/share/texlive/texmf-dist/tex/generic/uniquecounter/uniquecounter.sty
Package: uniquecounter 2019/12/15 v1.4 Provide unlimited unique counter (HO)
)
Package uniquecounter Info: New unique counter `rerunfilecheck' on input line 2
85.
)
\Hy@SectionHShift=\skip87
)
(/usr/share/texlive/texmf-dist/tex/latex/amsfonts/amssymb.sty
Package: amssymb 2013/01/14 v3.01 AMS font symbols

(/usr/share/texlive/texmf-dist/tex/latex/amsfonts/amsfonts.sty
Package: amsfonts 2013/01/14 v3.01 Basic AMSFonts support
\@emptytoks=\toks24
\symAMSa=\mathgroup4
\symAMSb=\mathgroup5
LaTeX Font Info:    Redeclaring math symbol \hbar on input line 98.
LaTeX Font Info:    Overwriting math alphabet `\mathfrak' in version `bold'
(Font)                  U/euf/m/n --> U/euf/b/n on input line 106.
))
(/usr/share/texlive/texmf-dist/tex/latex/colortbl/colortbl.sty
Package: colortbl 2024/07/06 v1.0i Color table columns (DPC)

(/usr/share/texlive/texmf-dist/tex/latex/tools/array.sty
Package: array 2024/10/17 v2.6g Tabular extension package (FMi)
\col@sep=\dimen162
\ar@mcellbox=\box57
\extrarowheight=\dimen163
\NC@list=\toks25
\extratabsurround=\skip88
\backup@length=\skip89
\ar@cellbox=\box58
)
\everycr=\toks26
\minrowclearance=\skip90
\rownum=\count297
)
(/usr/share/texlive/texmf-dist/tex/latex/multirow/multirow.sty
Package: multirow 2024/11/12 v2.9 Span multiple rows of a table
\multirow@colwidth=\skip91
\multirow@cntb=\count298
\multirow@dima=\skip92
\bigstrutjot=\dimen164
))
(/usr/share/texlive/texmf-dist/tex/latex/chapterfolder/chapterfolder.sty
Package: chapterfolder 2005/11/24 v2.0 Package for dealing with folder
\c@@cf@currentpos=\count299
)
(/usr/share/texlive/texmf-dist/tex/latex/listings/listings.sty
\lst@mode=\count300
\lst@gtempboxa=\box59
\lst@token=\toks27
\lst@length=\count301
\lst@currlwidth=\dimen165
\lst@column=\count302
\lst@pos=\count303
\lst@lostspace=\dimen166
\lst@width=\dimen167
\lst@newlines=\count304
\lst@lineno=\count305
\lst@maxwidth=\dimen168

(/usr/share/texlive/texmf-dist/tex/latex/listings/lstpatch.sty
File: lstpatch.sty 2024/09/23 1.10c (Carsten Heinz)
)
(/usr/share/texlive/texmf-dist/tex/latex/listings/lstmisc.sty
File: lstmisc.sty 2024/09/23 1.10c (Carsten Heinz)
\c@lstnumber=\count306
\lst@skipnumbers=\count307
\lst@framebox=\box60
)
(/usr/share/texlive/texmf-dist/tex/latex/listings/listings.cfg
File: listings.cfg 2024/09/23 1.10c listings configuration
))
Package: listings 2024/09/23 1.10c (Carsten Heinz)

(/usr/share/texlive/texmf-dist/tex/latex/keystroke/keystroke.sty
Package: keystroke 2010/04/23 v1.6 3D keystrokes (SuSE GmbH/RN)
\suse@key=\box61
\keystroke@left=\box62
\keystroke@right=\box63
\keystroke@middle=\box64
<keystroke_left.pdf, id=1, 42.1575pt x 195.73125pt>
File: keystroke_left.pdf Graphic file (type pdf)
<use keystroke_left.pdf>
Package pdftex.def Info: keystroke_left.pdf  used on input line 171.
(pdftex.def)             Requested size: 42.15738pt x 195.73076pt.
<keystroke_middle.pdf, id=2, 116.435pt x 195.73125pt>
File: keystroke_middle.pdf Graphic file (type pdf)
<use keystroke_middle.pdf>
Package pdftex.def Info: keystroke_middle.pdf  used on input line 172.
(pdftex.def)             Requested size: 116.43471pt x 195.73076pt.
<keystroke_right.pdf, id=3, 42.1575pt x 195.73125pt>
File: keystroke_right.pdf Graphic file (type pdf)
<use keystroke_right.pdf>
Package pdftex.def Info: keystroke_right.pdf  used on input line 173.
(pdftex.def)             Requested size: 42.15738pt x 195.73076pt.
)
(/usr/share/texlive/texmf-dist/tex/latex/pgf/utilities/pgfkeys.sty
(/usr/share/texlive/texmf-dist/tex/generic/pgf/utilities/pgfkeys.code.tex
\pgfkeys@pathtoks=\toks28
\pgfkeys@temptoks=\toks29

(/usr/share/texlive/texmf-dist/tex/generic/pgf/utilities/pgfkeyslibraryfiltered
.code.tex
\pgfkeys@tmptoks=\toks30
)))) (/usr/share/texlive/texmf-dist/tex/latex/txfonts/txfonts.sty
Package: txfonts 2008/01/22 v3.2.1
LaTeX Font Info:    Redeclaring symbol font `operators' on input line 21.
LaTeX Font Info:    Overwriting symbol font `operators' in version `normal'
(Font)                  OT1/cmbr/m/n --> OT1/txr/m/n on input line 21.
LaTeX Font Info:    Overwriting symbol font `operators' in version `bold'
(Font)                  OT1/cmbr/m/n --> OT1/txr/m/n on input line 21.
LaTeX Font Info:    Overwriting symbol font `operators' in version `bold'
(Font)                  OT1/txr/m/n --> OT1/txr/bx/n on input line 22.
\symitalic=\mathgroup6
LaTeX Font Info:    Overwriting symbol font `italic' in version `bold'
(Font)                  OT1/txr/m/it --> OT1/txr/bx/it on input line 26.
LaTeX Font Info:    Redeclaring math alphabet \mathbf on input line 29.
LaTeX Font Info:    Overwriting math alphabet `\mathbf' in version `normal'
(Font)                  OT1/cmbr/bx/n --> OT1/txr/bx/n on input line 29.
LaTeX Font Info:    Overwriting math alphabet `\mathbf' in version `bold'
(Font)                  OT1/cmbr/bx/n --> OT1/txr/bx/n on input line 29.
LaTeX Font Info:    Redeclaring math alphabet \mathit on input line 30.
LaTeX Font Info:    Overwriting math alphabet `\mathit' in version `normal'
(Font)                  OT1/cmbr/m/sl --> OT1/txr/m/it on input line 30.
LaTeX Font Info:    Overwriting math alphabet `\mathit' in version `bold'
(Font)                  OT1/cmbr/m/sl --> OT1/txr/m/it on input line 30.
LaTeX Font Info:    Overwriting math alphabet `\mathit' in version `bold'
(Font)                  OT1/txr/m/it --> OT1/txr/bx/it on input line 31.
LaTeX Font Info:    Redeclaring math alphabet \mathsf on input line 40.
LaTeX Font Info:    Overwriting math alphabet `\mathsf' in version `normal'
(Font)                  OT1/cmss/m/n --> OT1/txss/m/n on input line 40.
LaTeX Font Info:    Overwriting math alphabet `\mathsf' in version `bold'
(Font)                  OT1/cmss/bx/n --> OT1/txss/m/n on input line 40.
LaTeX Font Info:    Overwriting math alphabet `\mathsf' in version `bold'
(Font)                  OT1/txss/m/n --> OT1/txss/b/n on input line 41.
LaTeX Font Info:    Redeclaring math alphabet \mathtt on input line 50.
LaTeX Font Info:    Overwriting math alphabet `\mathtt' in version `normal'
(Font)                  OT1/cmtl/m/n --> OT1/txtt/m/n on input line 50.
LaTeX Font Info:    Overwriting math alphabet `\mathtt' in version `bold'
(Font)                  OT1/cmtl/m/n --> OT1/txtt/m/n on input line 50.
LaTeX Font Info:    Overwriting math alphabet `\mathtt' in version `bold'
(Font)                  OT1/txtt/m/n --> OT1/txtt/b/n on input line 51.
LaTeX Font Info:    Redeclaring symbol font `letters' on input line 58.
LaTeX Font Info:    Overwriting symbol font `letters' in version `normal'
(Font)                  OML/cmbrm/m/it --> OML/txmi/m/it on input line 58.
LaTeX Font Info:    Overwriting symbol font `letters' in version `bold'
(Font)                  OML/cmbrm/b/it --> OML/txmi/m/it on input line 58.
LaTeX Font Info:    Overwriting symbol font `letters' in version `bold'
(Font)                  OML/txmi/m/it --> OML/txmi/bx/it on input line 59.
\symlettersA=\mathgroup7
LaTeX Font Info:    Overwriting symbol font `lettersA' in version `bold'
(Font)                  U/txmia/m/it --> U/txmia/bx/it on input line 67.
LaTeX Font Info:    Redeclaring math alphabet \mathfrak on input line 70.
LaTeX Font Info:    Redeclaring symbol font `symbols' on input line 77.
LaTeX Font Info:    Overwriting symbol font `symbols' in version `normal'
(Font)                  OMS/cmbrs/m/n --> OMS/txsy/m/n on input line 77.
LaTeX Font Info:    Overwriting symbol font `symbols' in version `bold'
(Font)                  OMS/cmbrs/m/n --> OMS/txsy/m/n on input line 77.
LaTeX Font Info:    Overwriting symbol font `symbols' in version `bold'
(Font)                  OMS/txsy/m/n --> OMS/txsy/bx/n on input line 78.
LaTeX Font Info:    Redeclaring symbol font `AMSa' on input line 93.
LaTeX Font Info:    Overwriting symbol font `AMSa' in version `normal'
(Font)                  U/msa/m/n --> U/txsya/m/n on input line 93.
LaTeX Font Info:    Overwriting symbol font `AMSa' in version `bold'
(Font)                  U/msa/m/n --> U/txsya/m/n on input line 93.
LaTeX Font Info:    Overwriting symbol font `AMSa' in version `bold'
(Font)                  U/txsya/m/n --> U/txsya/bx/n on input line 94.
LaTeX Font Info:    Redeclaring symbol font `AMSb' on input line 102.
LaTeX Font Info:    Overwriting symbol font `AMSb' in version `normal'
(Font)                  U/msb/m/n --> U/txsyb/m/n on input line 102.
LaTeX Font Info:    Overwriting symbol font `AMSb' in version `bold'
(Font)                  U/msb/m/n --> U/txsyb/m/n on input line 102.
LaTeX Font Info:    Overwriting symbol font `AMSb' in version `bold'
(Font)                  U/txsyb/m/n --> U/txsyb/bx/n on input line 103.
\symsymbolsC=\mathgroup8
LaTeX Font Info:    Overwriting symbol font `symbolsC' in version `bold'
(Font)                  U/txsyc/m/n --> U/txsyc/bx/n on input line 113.
LaTeX Font Info:    Redeclaring symbol font `largesymbols' on input line 120.
LaTeX Font Info:    Overwriting symbol font `largesymbols' in version `normal'
(Font)                  OMX/cmex/m/n --> OMX/txex/m/n on input line 120.
LaTeX Font Info:    Overwriting symbol font `largesymbols' in version `bold'
(Font)                  OMX/cmex/m/n --> OMX/txex/m/n on input line 120.
LaTeX Font Info:    Overwriting symbol font `largesymbols' in version `bold'
(Font)                  OMX/txex/m/n --> OMX/txex/bx/n on input line 121.
\symlargesymbolsA=\mathgroup9
LaTeX Font Info:    Overwriting symbol font `largesymbolsA' in version `bold'
(Font)                  U/txexa/m/n --> U/txexa/bx/n on input line 129.
LaTeX Font Info:    Redeclaring math symbol \mathsterling on input line 164.
LaTeX Info: Redefining \not on input line 1043.
)
LaTeX Font Info:    Trying to load font information for OT1+txss on input line 
14.

(/usr/share/texlive/texmf-dist/tex/latex/txfonts/ot1txss.fd
File: ot1txss.fd 2000/12/15 v3.1
)
LaTeX Font Info:    Font shape `OT1/txss/m/n' will be
(Font)              scaled to size 9.49997pt on input line 14.

(/usr/share/texlive/texmf-dist/tex/latex/l3backend/l3backend-pdftex.def
File: l3backend-pdftex.def 2024-05-08 L3 backend support: PDF output (pdfTeX)
\l__color_backend_stack_int=\count308
\l__pdf_internal_box=\box65
)
(./ejemplo.aux
LaTeX Info: Redefining \. on input line 11.
LaTeX Info: Redefining \% on input line 11.
 (./projectCharter.aux) (./1introduccion.aux)
(./2ModeloDelAlcance.aux) (./3ModeloDelNegocio.aux) (./4ModeloDinamico.aux)
(./5ModeloDeInteraccion.aux))
\openout1 = `ejemplo.aux'.

LaTeX Font Info:    Checking defaults for OML/txmi/m/it on input line 14.
LaTeX Font Info:    Trying to load font information for OML+txmi on input line 
14.

(/usr/share/texlive/texmf-dist/tex/latex/txfonts/omltxmi.fd
File: omltxmi.fd 2000/12/15 v3.1
)
LaTeX Font Info:    ... okay on input line 14.
LaTeX Font Info:    Checking defaults for OMS/txsy/m/n on input line 14.
LaTeX Font Info:    Trying to load font information for OMS+txsy on input line 
14.

(/usr/share/texlive/texmf-dist/tex/latex/txfonts/omstxsy.fd
File: omstxsy.fd 2000/12/15 v3.1
)
LaTeX Font Info:    ... okay on input line 14.
LaTeX Font Info:    Checking defaults for OT1/cmr/m/n on input line 14.
LaTeX Font Info:    ... okay on input line 14.
LaTeX Font Info:    Checking defaults for T1/cmr/m/n on input line 14.
LaTeX Font Info:    ... okay on input line 14.
LaTeX Font Info:    Checking defaults for TS1/cmr/m/n on input line 14.
LaTeX Font Info:    ... okay on input line 14.
LaTeX Font Info:    Checking defaults for OMX/txex/m/n on input line 14.
LaTeX Font Info:    Trying to load font information for OMX+txex on input line 
14.

(/usr/share/texlive/texmf-dist/tex/latex/txfonts/omxtxex.fd
File: omxtxex.fd 2000/12/15 v3.1
)
LaTeX Font Info:    ... okay on input line 14.
LaTeX Font Info:    Checking defaults for U/txexa/m/n on input line 14.
LaTeX Font Info:    Trying to load font information for U+txexa on input line 1
4.

(/usr/share/texlive/texmf-dist/tex/latex/txfonts/utxexa.fd
File: utxexa.fd 2000/12/15 v3.1
)
LaTeX Font Info:    ... okay on input line 14.
LaTeX Font Info:    Checking defaults for PD1/pdf/m/n on input line 14.
LaTeX Font Info:    ... okay on input line 14.
LaTeX Font Info:    Checking defaults for PU/pdf/m/n on input line 14.
LaTeX Font Info:    ... okay on input line 14.
LaTeX Info: Redefining \. on input line 14.
LaTeX Info: Redefining \% on input line 14.

(/usr/share/texlive/texmf-dist/tex/context/base/mkii/supp-pdf.mkii
[Loading MPS to PDF converter (version 2006.09.02).]
\scratchcounter=\count309
\scratchdimen=\dimen169
\scratchbox=\box66
\nofMPsegments=\count310
\nofMParguments=\count311
\everyMPshowfont=\toks31
\MPscratchCnt=\count312
\MPscratchDim=\dimen170
\MPnumerator=\count313
\makeMPintoPDFobject=\count314
\everyMPtoPDFconversion=\toks32
) (/usr/share/texlive/texmf-dist/tex/latex/epstopdf-pkg/epstopdf-base.sty
Package: epstopdf-base 2020-01-24 v2.11 Base part for package epstopdf
Package epstopdf-base Info: Redefining graphics rule for `.eps' on input line 4
85.

(/usr/share/texlive/texmf-dist/tex/latex/latexconfig/epstopdf-sys.cfg
File: epstopdf-sys.cfg 2010/07/13 v1.3 Configuration of (r)epstopdf for TeX Liv
e
))
*geometry* driver: auto-detecting
*geometry* detected driver: pdftex
*geometry* verbose mode - [ preamble ] result:
* driver: pdftex
* paper: <default>
* layout: <same size as paper>
* layoutoffset:(h,v)=(0.0pt,0.0pt)
* modes: twoside 
* h-part:(L,W,R)=(56.9055pt, 500.484pt, 56.9055pt)
* v-part:(T,H,B)=(99.58464pt, 595.8007pt, 99.58464pt)
* \paperwidth=614.295pt
* \paperheight=794.96999pt
* \textwidth=500.484pt
* \textheight=595.8007pt
* \oddsidemargin=-15.36449pt
* \evensidemargin=-15.36449pt
* \topmargin=-47.65834pt
* \headheight=56.9055pt
* \headsep=18.06749pt
* \topskip=10.0pt
* \footskip=25.29494pt
* \marginparwidth=125.0pt
* \marginparsep=7.0pt
* \columnsep=10.0pt
* \skip\footins=9.0pt plus 4.0pt minus 2.0pt
* \hoffset=0.0pt
* \voffset=0.0pt
* \mag=1000
* \@twocolumnfalse
* \@twosidetrue
* \@mparswitchtrue
* \@reversemarginfalse
* (1in=72.27pt=25.4mm, 1cm=28.453pt)

Package hyperref Info: Link coloring ON on input line 14.
(./ejemplo.out) (./ejemplo.out)
\@outlinefile=\write3
\openout3 = `ejemplo.out'.

\c@lstlisting=\count315
LaTeX Font Info:    Font shape `OT1/txss/m/n' will be
(Font)              scaled to size 16.41594pt on input line 18.
LaTeX Font Info:    Font shape `OT1/txss/m/n' will be
(Font)              scaled to size 23.63593pt on input line 18.
LaTeX Font Info:    Font shape `OT1/txss/m/n' will be
(Font)              scaled to size 11.39996pt on input line 18.
LaTeX Font Info:    Trying to load font information for OT1+txr on input line 1
8.

(/usr/share/texlive/texmf-dist/tex/latex/txfonts/ot1txr.fd
File: ot1txr.fd 2000/12/15 v3.1
)
LaTeX Font Info:    Trying to load font information for U+txsya on input line 1
8.

(/usr/share/texlive/texmf-dist/tex/latex/txfonts/utxsya.fd
File: utxsya.fd 2000/12/15 v3.1
)
LaTeX Font Info:    Trying to load font information for U+txsyb on input line 1
8.

(/usr/share/texlive/texmf-dist/tex/latex/txfonts/utxsyb.fd
File: utxsyb.fd 2000/12/15 v3.1
)
LaTeX Font Info:    Trying to load font information for U+txmia on input line 1
8.

(/usr/share/texlive/texmf-dist/tex/latex/txfonts/utxmia.fd
File: utxmia.fd 2000/12/15 v3.1
)
LaTeX Font Info:    Trying to load font information for U+txsyc on input line 1
8.

(/usr/share/texlive/texmf-dist/tex/latex/txfonts/utxsyc.fd
File: utxsyc.fd 2000/12/15 v3.1
)

<theme/bannerAzul.png, id=766, 711.1368pt x 336.7782pt>
File: theme/bannerAzul.png Graphic file (type png)
<use theme/bannerAzul.png>
Package pdftex.def Info: theme/bannerAzul.png  used on input line 18.
(pdftex.def)             Requested size: 614.30019pt x 290.91858pt.
[1


{/var/lib/texmf/fonts/map/pdftex/updmap/pdftex.map}{/usr/share/texlive/texmf-di
st/fonts/enc/dvips/base/8r.enc} <./theme/bannerAzul.png>]

[2

]
LaTeX Font Info:    Font shape `OT1/txss/m/n' will be
(Font)              scaled to size 13.67995pt on input line 22.
 (./ejemplo.toc
LaTeX Info: Redefining \. on input line 1.
LaTeX Info: Redefining \% on input line 1.
LaTeX Font Info:    Font shape `OT1/txss/b/n' will be
(Font)              scaled to size 9.49997pt on input line 2.


LaTeX Font Info:    Font shape `OT1/txss/m/sc' will be
(Font)              scaled to size 9.49997pt on input line 41.
[1

]

<theme/headerPar.png, id=864, 1204.5pt x 200.75pt>
File: theme/headerPar.png Graphic file (type png)
<use theme/headerPar.png>
Package pdftex.def Info: theme/headerPar.png  used on input line 88.
(pdftex.def)             Requested size: 210.00035pt x 35.0pt.
LaTeX Font Info:    Font shape `OT1/txss/m/n' will be
(Font)              scaled to size 7.59998pt on input line 88.
LaTeX Font Info:    Font shape `OT1/txss/m/sc' will be
(Font)              scaled to size 7.59998pt on input line 88.
LaTeX Font Info:    Font shape `OT1/txss/m/n' will be
(Font)              scaled to size 4.74998pt on input line 88.
LaTeX Font Info:    Font shape `OT1/txss/m/it' in size <5> not available
(Font)              Font shape `OT1/txss/m/sl' tried instead on input line 88.
LaTeX Font Info:    Font shape `OT1/txss/m/sl' will be
(Font)              scaled to size 4.74998pt on input line 88.
LaTeX Font Info:    Trying to load font information for U+mvs on input line 88.

(/usr/share/texlive/texmf-dist/tex/latex/marvosym/umvs.fd) [2 <./theme/headerPa
r.png>]

<theme/headerInp.png, id=919, 1204.5pt x 200.75pt>
File: theme/headerInp.png Graphic file (type png)
<use theme/headerInp.png>
Package pdftex.def Info: theme/headerInp.png  used on input line 135.
(pdftex.def)             Requested size: 210.00035pt x 35.0pt.
[3 <./theme/headerInp.png>]

File: theme/headerPar.png Graphic file (type png)
<use theme/headerPar.png>
Package pdftex.def Info: theme/headerPar.png  used on input line 182.
(pdftex.def)             Requested size: 210.00035pt x 35.0pt.
[4])
\tf@toc=\write4
\openout4 = `ejemplo.toc'.



File: theme/headerInp.png Graphic file (type png)
<use theme/headerInp.png>
Package pdftex.def Info: theme/headerInp.png  used on input line 23.
(pdftex.def)             Requested size: 210.00035pt x 35.0pt.
[5]

File: theme/headerPar.png Graphic file (type png)
<use theme/headerPar.png>
Package pdftex.def Info: theme/headerPar.png  used on input line 23.
(pdftex.def)             Requested size: 210.00035pt x 35.0pt.
[6

] (./ejemplo.lof
LaTeX Info: Redefining \. on input line 1.
LaTeX Info: Redefining \% on input line 1.
)
\tf@lof=\write5
\openout5 = `ejemplo.lof'.



[7]

File: theme/headerPar.png Graphic file (type png)
<use theme/headerPar.png>
Package pdftex.def Info: theme/headerPar.png  used on input line 24.
(pdftex.def)             Requested size: 210.00035pt x 35.0pt.
[8

] (./ejemplo.lot
LaTeX Info: Redefining \. on input line 1.
LaTeX Info: Redefining \% on input line 1.
)
\tf@lot=\write6
\openout6 = `ejemplo.lot'.



[9]
\openout2 = `projectCharter.aux'.

 (./projectCharter.tex

File: theme/headerPar.png Graphic file (type png)
<use theme/headerPar.png>
Package pdftex.def Info: theme/headerPar.png  used on input line 10.
(pdftex.def)             Requested size: 210.00035pt x 35.0pt.
[10


]
LaTeX Font Info:    Trying to load font information for TS1+txss on input line 
40.
 (/usr/share/texlive/texmf-dist/tex/latex/txfonts/ts1txss.fd
File: ts1txss.fd 2000/12/15 v3.1
)
LaTeX Font Info:    Font shape `TS1/txss/m/n' will be
(Font)              scaled to size 9.49997pt on input line 40.

Underfull \hbox (badness 3568) in paragraph at lines 74--74
[]|\OT1/txss/m/n/10 Equipo de de-sa-rro-llo y
 []


Underfull \hbox (badness 10000) in paragraph at lines 74--74
\OT1/txss/m/n/10 per-so-nal mul-ti-dis-ci-pli-na-
 []


LaTeX Warning: Float too large for page by 217.31168pt on input line 79.

)

File: theme/headerInp.png Graphic file (type png)
<use theme/headerInp.png>
Package pdftex.def Info: theme/headerInp.png  used on input line 26.
(pdftex.def)             Requested size: 210.00035pt x 35.0pt.
[11]

File: theme/headerPar.png Graphic file (type png)
<use theme/headerPar.png>
Package pdftex.def Info: theme/headerPar.png  used on input line 26.
(pdftex.def)             Requested size: 210.00035pt x 35.0pt.
[12]
\openout2 = `1introduccion.aux'.

 (./1introduccion.tex
Cap\'{\i }tulo 1.
LaTeX Font Info:    Font shape `OT1/txss/b/n' will be
(Font)              scaled to size 13.67995pt on input line 9.



pdfTeX warning (ext4): destination with the same identifier (name{page.1}) has 
been already used, duplicate ignored
<to be read again> 
                   \relax 
l.18 	\item \textbf
                   {Área Psicológica (Psicólogo):} Dedicada a la contenci...
<theme/plecaAyD.png, id=1075, 1085.0136pt x 155.6214pt>
File: theme/plecaAyD.png Graphic file (type png)
<use theme/plecaAyD.png>
Package pdftex.def Info: theme/plecaAyD.png  used on input line 18.
(pdftex.def)             Requested size: 614.29208pt x 88.1067pt.
[1





 <./theme/plecaAyD.png>]
LaTeX Font Info:    Font shape `OT1/txss/b/n' will be
(Font)              scaled to size 11.39996pt on input line 24.


File: theme/headerPar.png Graphic file (type png)
<use theme/headerPar.png>
Package pdftex.def Info: theme/headerPar.png  used on input line 44.
(pdftex.def)             Requested size: 210.00035pt x 35.0pt.

pdfTeX warning (ext4): destination with the same identifier (name{page.2}) has 
been already used, duplicate ignored
<to be read again> 
                   \relax 
l.44 	\item[Capítulo 3: Modelo del negocio.]
                                              Define a los actores del siste...
File: theme/plecaAyD.png Graphic file (type png)
<use theme/plecaAyD.png>
Package pdftex.def Info: theme/plecaAyD.png  used on input line 44.
(pdftex.def)             Requested size: 614.29208pt x 88.1067pt.
[2]

File: theme/headerInp.png Graphic file (type png)
<use theme/headerInp.png>
Package pdftex.def Info: theme/headerInp.png  used on input line 72.
(pdftex.def)             Requested size: 210.00035pt x 35.0pt.
File: theme/plecaAyD.png Graphic file (type png)
<use theme/plecaAyD.png>
Package pdftex.def Info: theme/plecaAyD.png  used on input line 72.
(pdftex.def)             Requested size: 614.29208pt x 88.1067pt.
[3]
LaTeX Font Info:    Font shape `OT1/txss/m/it' in size <8> not available
(Font)              Font shape `OT1/txss/m/sl' tried instead on input line 89.
LaTeX Font Info:    Font shape `OT1/txss/m/sl' will be
(Font)              scaled to size 7.59998pt on input line 89.
)

File: theme/headerPar.png Graphic file (type png)
<use theme/headerPar.png>
Package pdftex.def Info: theme/headerPar.png  used on input line 34.
(pdftex.def)             Requested size: 210.00035pt x 35.0pt.
File: theme/plecaAyD.png Graphic file (type png)
<use theme/plecaAyD.png>
Package pdftex.def Info: theme/plecaAyD.png  used on input line 34.
(pdftex.def)             Requested size: 614.29208pt x 88.1067pt.
[4]
\openout2 = `2ModeloDelAlcance.aux'.

 (./2ModeloDelAlcance.tex
Cap\'{\i }tulo 2.


File: theme/plecaAyD.png Graphic file (type png)
<use theme/plecaAyD.png>
Package pdftex.def Info: theme/plecaAyD.png  used on input line 19.
(pdftex.def)             Requested size: 614.29208pt x 88.1067pt.
[5




]
LaTeX Font Info:    Font shape `OT1/txss/m/it' in size <10> not available
(Font)              Font shape `OT1/txss/m/sl' tried instead on input line 25.
LaTeX Font Info:    Font shape `OT1/txss/m/sl' will be
(Font)              scaled to size 9.49997pt on input line 25.

Underfull \hbox (badness 1158) in paragraph at lines 35--35
[]|\OT1/txss/m/n/10 Interrupci[]on en el se-
 []


Underfull \hbox (badness 10000) in paragraph at lines 37--37
[]|\OT1/txss/m/n/10 Sobrecarga ope-ra-ti-va
 []



File: theme/headerPar.png Graphic file (type png)
<use theme/headerPar.png>
Package pdftex.def Info: theme/headerPar.png  used on input line 46.
(pdftex.def)             Requested size: 210.00035pt x 35.0pt.
File: theme/plecaAyD.png Graphic file (type png)
<use theme/plecaAyD.png>
Package pdftex.def Info: theme/plecaAyD.png  used on input line 46.
(pdftex.def)             Requested size: 614.29208pt x 88.1067pt.
[6]

File: theme/headerInp.png Graphic file (type png)
<use theme/headerInp.png>
Package pdftex.def Info: theme/headerInp.png  used on input line 78.
(pdftex.def)             Requested size: 210.00035pt x 35.0pt.
File: theme/plecaAyD.png Graphic file (type png)
<use theme/plecaAyD.png>
Package pdftex.def Info: theme/plecaAyD.png  used on input line 78.
(pdftex.def)             Requested size: 614.29208pt x 88.1067pt.
[7]

File: theme/headerPar.png Graphic file (type png)
<use theme/headerPar.png>
Package pdftex.def Info: theme/headerPar.png  used on input line 107.
(pdftex.def)             Requested size: 210.00035pt x 35.0pt.
File: theme/plecaAyD.png Graphic file (type png)
<use theme/plecaAyD.png>
Package pdftex.def Info: theme/plecaAyD.png  used on input line 107.
(pdftex.def)             Requested size: 614.29208pt x 88.1067pt.
[8]
<images/organigrama_fundacion.png, id=1111, 1003.75pt x 602.25pt>
File: images/organigrama_fundacion.png Graphic file (type png)
<use images/organigrama_fundacion.png>
Package pdftex.def Info: images/organigrama_fundacion.png  used on input line 1
10.
(pdftex.def)             Requested size: 450.43253pt x 270.26563pt.


File: theme/headerInp.png Graphic file (type png)
<use theme/headerInp.png>
Package pdftex.def Info: theme/headerInp.png  used on input line 132.
(pdftex.def)             Requested size: 210.00035pt x 35.0pt.
File: theme/plecaAyD.png Graphic file (type png)
<use theme/plecaAyD.png>
Package pdftex.def Info: theme/plecaAyD.png  used on input line 132.
(pdftex.def)             Requested size: 614.29208pt x 88.1067pt.
[9 <./images/organigrama_fundacion.png (PNG copy)>]

File: theme/headerPar.png Graphic file (type png)
<use theme/headerPar.png>
Package pdftex.def Info: theme/headerPar.png  used on input line 174.
(pdftex.def)             Requested size: 210.00035pt x 35.0pt.
File: theme/plecaAyD.png Graphic file (type png)
<use theme/plecaAyD.png>
Package pdftex.def Info: theme/plecaAyD.png  used on input line 174.
(pdftex.def)             Requested size: 614.29208pt x 88.1067pt.
[10]

File: theme/headerInp.png Graphic file (type png)
<use theme/headerInp.png>
Package pdftex.def Info: theme/headerInp.png  used on input line 215.
(pdftex.def)             Requested size: 210.00035pt x 35.0pt.
File: theme/plecaAyD.png Graphic file (type png)
<use theme/plecaAyD.png>
Package pdftex.def Info: theme/plecaAyD.png  used on input line 215.
(pdftex.def)             Requested size: 614.29208pt x 88.1067pt.
[11]

File: theme/headerPar.png Graphic file (type png)
<use theme/headerPar.png>
Package pdftex.def Info: theme/headerPar.png  used on input line 258.
(pdftex.def)             Requested size: 210.00035pt x 35.0pt.
File: theme/plecaAyD.png Graphic file (type png)
<use theme/plecaAyD.png>
Package pdftex.def Info: theme/plecaAyD.png  used on input line 258.
(pdftex.def)             Requested size: 614.29208pt x 88.1067pt.
[12]
Overfull \hbox (0.87947pt too wide) in paragraph at lines 282--282
[]|\OT1/txss/m/n/10 Iter.[]| 
 []


Overfull \hbox (1.48753pt too wide) in paragraph at lines 283--283
[]|\OT1/txss/m/n/10 RU-
 []


Overfull \hbox (2.03964pt too wide) in paragraph at lines 283--283
[]|\OT1/txss/b/n/10 TODO[]| 
 []


Overfull \hbox (1.48753pt too wide) in paragraph at lines 284--284
[]|\OT1/txss/m/n/10 RU-
 []


Overfull \hbox (2.03964pt too wide) in paragraph at lines 284--284
[]|\OT1/txss/b/n/10 TODO[]| 
 []


Overfull \hbox (1.48753pt too wide) in paragraph at lines 285--285
[]|\OT1/txss/m/n/10 RU-
 []


Overfull \hbox (2.03964pt too wide) in paragraph at lines 285--285
[]|\OT1/txss/b/n/10 TODO[]| 
 []


Overfull \hbox (1.48753pt too wide) in paragraph at lines 286--286
[]|\OT1/txss/m/n/10 RU-
 []


Overfull \hbox (2.03964pt too wide) in paragraph at lines 286--286
[]|\OT1/txss/b/n/10 TODO[]| 
 []


Overfull \hbox (1.48753pt too wide) in paragraph at lines 287--287
[]|\OT1/txss/m/n/10 RU-
 []


Overfull \hbox (2.03964pt too wide) in paragraph at lines 287--287
[]|\OT1/txss/b/n/10 TODO[]| 
 []


Overfull \hbox (1.48753pt too wide) in paragraph at lines 288--288
[]|\OT1/txss/m/n/10 RU-
 []


Overfull \hbox (2.03964pt too wide) in paragraph at lines 288--288
[]|\OT1/txss/b/n/10 TODO[]| 
 []


Overfull \hbox (1.48753pt too wide) in paragraph at lines 289--289
[]|\OT1/txss/m/n/10 RU-
 []


Overfull \hbox (2.03964pt too wide) in paragraph at lines 289--289
[]|\OT1/txss/b/n/10 TODO[]| 
 []


Overfull \hbox (1.48753pt too wide) in paragraph at lines 290--290
[]|\OT1/txss/m/n/10 RU-
 []


Underfull \hbox (badness 10000) in paragraph at lines 290--290
[]|\OT1/txss/m/n/10 Gesti[]on de per-so-nal
 []


Overfull \hbox (2.03964pt too wide) in paragraph at lines 290--290
[]|\OT1/txss/b/n/10 TODO[]| 
 []


Overfull \hbox (1.48753pt too wide) in paragraph at lines 291--291
[]|\OT1/txss/m/n/10 RU-
 []


Overfull \hbox (2.03964pt too wide) in paragraph at lines 291--291
[]|\OT1/txss/b/n/10 TODO[]| 
 []

File: theme/headerInp.png Graphic file (type png)
<use theme/headerInp.png>
Package pdftex.def Info: theme/headerInp.png  used on input line 292.
(pdftex.def)             Requested size: 210.00035pt x 35.0pt.
File: theme/plecaAyD.png Graphic file (type png)
<use theme/plecaAyD.png>
Package pdftex.def Info: theme/plecaAyD.png  used on input line 292.
(pdftex.def)             Requested size: 614.29208pt x 88.1067pt.
[13]
Overfull \hbox (4.28049pt too wide) in paragraph at lines 300--300
[]|\OT1/txss/m/n/10 Prio.[]| 
 []


Overfull \hbox (2.124pt too wide) in paragraph at lines 300--300
[]|\OT1/txss/m/n/10 Ref.[]| 
 []


Overfull \hbox (7.34637pt too wide) in alignment at lines 300--300
 [] [] [] [] [] 
 []


Overfull \hbox (0.81303pt too wide) in paragraph at lines 301--301
[]|\OT1/txss/m/n/10 RF-
 []


Overfull \hbox (1.48753pt too wide) in paragraph at lines 301--301
[]|\OT1/txss/m/n/10 RU-
 []


Overfull \hbox (0.81303pt too wide) in paragraph at lines 302--302
[]|\OT1/txss/m/n/10 RF-
 []


Overfull \hbox (1.48753pt too wide) in paragraph at lines 302--302
[]|\OT1/txss/m/n/10 RU-
 []


Overfull \hbox (0.81303pt too wide) in paragraph at lines 303--303
[]|\OT1/txss/m/n/10 RF-
 []


Underfull \hbox (badness 1215) in paragraph at lines 303--303
[]|\OT1/txss/m/n/10 Recuperaci[]on de con-
 []


Overfull \hbox (1.48753pt too wide) in paragraph at lines 303--303
[]|\OT1/txss/m/n/10 RU-
 []


Overfull \hbox (0.81303pt too wide) in paragraph at lines 304--304
[]|\OT1/txss/m/n/10 RF-
 []


Overfull \hbox (1.48753pt too wide) in paragraph at lines 304--304
[]|\OT1/txss/m/n/10 RU-
 []


Overfull \hbox (0.81303pt too wide) in paragraph at lines 305--305
[]|\OT1/txss/m/n/10 RF-
 []


Overfull \hbox (1.48753pt too wide) in paragraph at lines 305--305
[]|\OT1/txss/m/n/10 RU-
 []


Overfull \hbox (0.81303pt too wide) in paragraph at lines 306--306
[]|\OT1/txss/m/n/10 RF-
 []


Overfull \hbox (1.48753pt too wide) in paragraph at lines 306--306
[]|\OT1/txss/m/n/10 RU-
 []


Overfull \hbox (0.81303pt too wide) in paragraph at lines 307--307
[]|\OT1/txss/m/n/10 RF-
 []


Overfull \hbox (1.48753pt too wide) in paragraph at lines 307--307
[]|\OT1/txss/m/n/10 RU-
 []


Overfull \hbox (0.81303pt too wide) in paragraph at lines 308--308
[]|\OT1/txss/m/n/10 RF-
 []


Overfull \hbox (1.48753pt too wide) in paragraph at lines 308--308
[]|\OT1/txss/m/n/10 RU-
 []


Overfull \hbox (0.81303pt too wide) in paragraph at lines 309--309
[]|\OT1/txss/m/n/10 RF-
 []


Overfull \hbox (1.48753pt too wide) in paragraph at lines 309--309
[]|\OT1/txss/m/n/10 RU-
 []


Overfull \hbox (0.81303pt too wide) in paragraph at lines 310--310
[]|\OT1/txss/m/n/10 RF-
 []


Overfull \hbox (1.48753pt too wide) in paragraph at lines 310--310
[]|\OT1/txss/m/n/10 RU-
 []


Overfull \hbox (0.81303pt too wide) in paragraph at lines 311--311
[]|\OT1/txss/m/n/10 RF-
 []


Underfull \hbox (badness 2913) in paragraph at lines 311--311
[]|\OT1/txss/m/n/10 Captura de va-lo-ra-cio-
 []


Overfull \hbox (1.48753pt too wide) in paragraph at lines 311--311
[]|\OT1/txss/m/n/10 RU-
 []


Overfull \hbox (0.81303pt too wide) in paragraph at lines 312--312
[]|\OT1/txss/m/n/10 RF-
 []


Overfull \hbox (1.48753pt too wide) in paragraph at lines 312--312
[]|\OT1/txss/m/n/10 RU-
 []


Overfull \hbox (0.81303pt too wide) in paragraph at lines 313--313
[]|\OT1/txss/m/n/10 RF-
 []


Underfull \hbox (badness 10000) in paragraph at lines 313--313
[]|\OT1/txss/m/n/10 Asignaci[]on de ex-pe-
 []


Overfull \hbox (1.48753pt too wide) in paragraph at lines 313--313
[]|\OT1/txss/m/n/10 RU-
 []


Overfull \hbox (0.81303pt too wide) in paragraph at lines 314--314
[]|\OT1/txss/m/n/10 RF-
 []


Overfull \hbox (1.48753pt too wide) in paragraph at lines 314--314
[]|\OT1/txss/m/n/10 RU-
 []


Overfull \hbox (0.81303pt too wide) in paragraph at lines 315--315
[]|\OT1/txss/m/n/10 RF-
 []


Overfull \hbox (1.48753pt too wide) in paragraph at lines 315--315
[]|\OT1/txss/m/n/10 RU-
 []


Overfull \hbox (0.81303pt too wide) in paragraph at lines 316--316
[]|\OT1/txss/m/n/10 RF-
 []


Overfull \hbox (1.48753pt too wide) in paragraph at lines 316--316
[]|\OT1/txss/m/n/10 RU-
 []


Overfull \hbox (0.81303pt too wide) in paragraph at lines 317--317
[]|\OT1/txss/m/n/10 RF-
 []


Underfull \hbox (badness 1616) in paragraph at lines 317--317
[]|\OT1/txss/m/n/10 Modificaci[]on de ex-pe-
 []


Overfull \hbox (1.48753pt too wide) in paragraph at lines 317--317
[]|\OT1/txss/m/n/10 RU-
 []


Overfull \hbox (0.81303pt too wide) in paragraph at lines 318--318
[]|\OT1/txss/m/n/10 RF-
 []


Overfull \hbox (1.48753pt too wide) in paragraph at lines 318--318
[]|\OT1/txss/m/n/10 RU-
 []


Overfull \hbox (0.81303pt too wide) in paragraph at lines 319--319
[]|\OT1/txss/m/n/10 RF-
 []


Overfull \hbox (1.48753pt too wide) in paragraph at lines 319--319
[]|\OT1/txss/m/n/10 RU-
 []


Overfull \hbox (0.81303pt too wide) in paragraph at lines 320--320
[]|\OT1/txss/m/n/10 RF-
 []


Overfull \hbox (1.48753pt too wide) in paragraph at lines 320--320
[]|\OT1/txss/m/n/10 RU-
 []


Overfull \hbox (0.81303pt too wide) in paragraph at lines 321--321
[]|\OT1/txss/m/n/10 RF-
 []


Overfull \hbox (1.48753pt too wide) in paragraph at lines 321--321
[]|\OT1/txss/m/n/10 RU-
 []


Overfull \hbox (0.81303pt too wide) in paragraph at lines 322--322
[]|\OT1/txss/m/n/10 RF-
 []


Underfull \hbox (badness 1033) in paragraph at lines 322--322
[]|\OT1/txss/m/n/10 Consulta de da-tos de
 []


Overfull \hbox (1.48753pt too wide) in paragraph at lines 322--322
[]|\OT1/txss/m/n/10 RU-
 []


Overfull \hbox (0.81303pt too wide) in paragraph at lines 323--323
[]|\OT1/txss/m/n/10 RF-
 []


Overfull \hbox (1.48753pt too wide) in paragraph at lines 323--323
[]|\OT1/txss/m/n/10 RU-
 []


Overfull \hbox (7.34637pt too wide) in alignment at lines 300--324
 [] [] [] [] [] 
 []

File: theme/headerPar.png Graphic file (type png)
<use theme/headerPar.png>
Package pdftex.def Info: theme/headerPar.png  used on input line 324.
(pdftex.def)             Requested size: 210.00035pt x 35.0pt.
File: theme/plecaAyD.png Graphic file (type png)
<use theme/plecaAyD.png>
Package pdftex.def Info: theme/plecaAyD.png  used on input line 324.
(pdftex.def)             Requested size: 614.29208pt x 88.1067pt.
[14]
Underfull \vbox (badness 10000) has occurred while \output is active []



File: theme/headerInp.png Graphic file (type png)
<use theme/headerInp.png>
Package pdftex.def Info: theme/headerInp.png  used on input line 328.
(pdftex.def)             Requested size: 210.00035pt x 35.0pt.
File: theme/plecaAyD.png Graphic file (type png)
<use theme/plecaAyD.png>
Package pdftex.def Info: theme/plecaAyD.png  used on input line 328.
(pdftex.def)             Requested size: 614.29208pt x 88.1067pt.
[15])

File: theme/headerPar.png Graphic file (type png)
<use theme/headerPar.png>
Package pdftex.def Info: theme/headerPar.png  used on input line 37.
(pdftex.def)             Requested size: 210.00035pt x 35.0pt.
File: theme/plecaAyD.png Graphic file (type png)
<use theme/plecaAyD.png>
Package pdftex.def Info: theme/plecaAyD.png  used on input line 37.
(pdftex.def)             Requested size: 614.29208pt x 88.1067pt.
[16]
\openout2 = `3ModeloDelNegocio.aux'.

 (./3ModeloDelNegocio.tex
Cap\'{\i }tulo 3.


File: theme/plecaAyD.png Graphic file (type png)
<use theme/plecaAyD.png>
Package pdftex.def Info: theme/plecaAyD.png  used on input line 25.
(pdftex.def)             Requested size: 614.29208pt x 88.1067pt.
[17




]
<images/modelo_dominio_fundacion.png, id=1166, 1104.125pt x 752.8125pt>
File: images/modelo_dominio_fundacion.png Graphic file (type png)
<use images/modelo_dominio_fundacion.png>
Package pdftex.def Info: images/modelo_dominio_fundacion.png  used on input lin
e 46.
(pdftex.def)             Requested size: 475.45825pt x 324.17403pt.
<theme/uc/classRule.png, id=1167, 1930.5726pt x 130.086pt>
File: theme/uc/classRule.png Graphic file (type png)
<use theme/uc/classRule.png>
Package pdftex.def Info: theme/uc/classRule.png  used on input line 54.
(pdftex.def)             Requested size: 500.484pt x 33.7223pt.

Overfull \hbox (3.92613pt too wide) in paragraph at lines 54--54
[]|\OT1/txss/m/n/10 Requerido| 
 []

File: theme/headerPar.png Graphic file (type png)
<use theme/headerPar.png>
Package pdftex.def Info: theme/headerPar.png  used on input line 64.
(pdftex.def)             Requested size: 210.00035pt x 35.0pt.
File: theme/plecaAyD.png Graphic file (type png)
<use theme/plecaAyD.png>
Package pdftex.def Info: theme/plecaAyD.png  used on input line 64.
(pdftex.def)             Requested size: 614.29208pt x 88.1067pt.
[18 <./theme/uc/classRule.png>]
File: theme/uc/classRule.png Graphic file (type png)
<use theme/uc/classRule.png>
Package pdftex.def Info: theme/uc/classRule.png  used on input line 66.
(pdftex.def)             Requested size: 500.484pt x 33.7223pt.

Overfull \hbox (3.92613pt too wide) in paragraph at lines 66--66
[]|\OT1/txss/m/n/10 Requerido| 
 []

File: theme/uc/classRule.png Graphic file (type png)
<use theme/uc/classRule.png>
Package pdftex.def Info: theme/uc/classRule.png  used on input line 74.
(pdftex.def)             Requested size: 500.484pt x 33.7223pt.

Overfull \hbox (3.92613pt too wide) in paragraph at lines 74--74
[]|\OT1/txss/m/n/10 Requerido| 
 []


Overfull \hbox (60.17923pt too wide) in alignment at lines 74--74
 [] [] [] [] 
 []


Overfull \hbox (60.17923pt too wide) in alignment at lines 74--80
 [] [] [] [] 
 []

File: theme/headerInp.png Graphic file (type png)
<use theme/headerInp.png>
Package pdftex.def Info: theme/headerInp.png  used on input line 80.
(pdftex.def)             Requested size: 210.00035pt x 35.0pt.
File: theme/plecaAyD.png Graphic file (type png)
<use theme/plecaAyD.png>
Package pdftex.def Info: theme/plecaAyD.png  used on input line 80.
(pdftex.def)             Requested size: 614.29208pt x 88.1067pt.
[19]
File: theme/uc/classRule.png Graphic file (type png)
<use theme/uc/classRule.png>
Package pdftex.def Info: theme/uc/classRule.png  used on input line 82.
(pdftex.def)             Requested size: 500.484pt x 33.7223pt.

Overfull \hbox (3.92613pt too wide) in paragraph at lines 82--82
[]|\OT1/txss/m/n/10 Requerido| 
 []

File: theme/uc/classRule.png Graphic file (type png)
<use theme/uc/classRule.png>
Package pdftex.def Info: theme/uc/classRule.png  used on input line 91.
(pdftex.def)             Requested size: 500.484pt x 33.7223pt.

Overfull \hbox (3.92613pt too wide) in paragraph at lines 91--91
[]|\OT1/txss/m/n/10 Requerido| 
 []

File: theme/headerPar.png Graphic file (type png)
<use theme/headerPar.png>
Package pdftex.def Info: theme/headerPar.png  used on input line 98.
(pdftex.def)             Requested size: 210.00035pt x 35.0pt.
File: theme/plecaAyD.png Graphic file (type png)
<use theme/plecaAyD.png>
Package pdftex.def Info: theme/plecaAyD.png  used on input line 98.
(pdftex.def)             Requested size: 614.29208pt x 88.1067pt.
[20]
File: theme/uc/classRule.png Graphic file (type png)
<use theme/uc/classRule.png>
Package pdftex.def Info: theme/uc/classRule.png  used on input line 100.
(pdftex.def)             Requested size: 500.484pt x 33.7223pt.

Overfull \hbox (3.92613pt too wide) in paragraph at lines 100--100
[]|\OT1/txss/m/n/10 Requerido| 
 []

File: theme/uc/classRule.png Graphic file (type png)
<use theme/uc/classRule.png>
Package pdftex.def Info: theme/uc/classRule.png  used on input line 109.
(pdftex.def)             Requested size: 500.484pt x 33.7223pt.

Overfull \hbox (3.92613pt too wide) in paragraph at lines 109--109
[]|\OT1/txss/m/n/10 Requerido| 
 []

File: theme/uc/classRule.png Graphic file (type png)
<use theme/uc/classRule.png>
Package pdftex.def Info: theme/uc/classRule.png  used on input line 120.
(pdftex.def)             Requested size: 500.484pt x 33.7223pt.


File: theme/headerInp.png Graphic file (type png)
<use theme/headerInp.png>
Package pdftex.def Info: theme/headerInp.png  used on input line 120.
(pdftex.def)             Requested size: 210.00035pt x 35.0pt.
File: theme/plecaAyD.png Graphic file (type png)
<use theme/plecaAyD.png>
Package pdftex.def Info: theme/plecaAyD.png  used on input line 120.
(pdftex.def)             Requested size: 614.29208pt x 88.1067pt.
[21]

File: theme/headerPar.png Graphic file (type png)
<use theme/headerPar.png>
Package pdftex.def Info: theme/headerPar.png  used on input line 120.
(pdftex.def)             Requested size: 210.00035pt x 35.0pt.
File: theme/plecaAyD.png Graphic file (type png)
<use theme/plecaAyD.png>
Package pdftex.def Info: theme/plecaAyD.png  used on input line 120.
(pdftex.def)             Requested size: 614.29208pt x 88.1067pt.
[22 <./images/modelo_dominio_fundacion.png (PNG copy)>]
Overfull \hbox (3.92613pt too wide) in paragraph at lines 120--120
[]|\OT1/txss/m/n/10 Requerido| 
 []

File: theme/uc/classRule.png Graphic file (type png)
<use theme/uc/classRule.png>
Package pdftex.def Info: theme/uc/classRule.png  used on input line 132.
(pdftex.def)             Requested size: 500.484pt x 33.7223pt.

Overfull \hbox (3.92613pt too wide) in paragraph at lines 132--132
[]|\OT1/txss/m/n/10 Requerido| 
 []

File: theme/headerInp.png Graphic file (type png)
<use theme/headerInp.png>
Package pdftex.def Info: theme/headerInp.png  used on input line 140.
(pdftex.def)             Requested size: 210.00035pt x 35.0pt.
File: theme/plecaAyD.png Graphic file (type png)
<use theme/plecaAyD.png>
Package pdftex.def Info: theme/plecaAyD.png  used on input line 140.
(pdftex.def)             Requested size: 614.29208pt x 88.1067pt.
[23] (./3-1-reglas.tex

File: theme/headerPar.png Graphic file (type png)
<use theme/headerPar.png>
Package pdftex.def Info: theme/headerPar.png  used on input line 34.
(pdftex.def)             Requested size: 210.00035pt x 35.0pt.
File: theme/plecaAyD.png Graphic file (type png)
<use theme/plecaAyD.png>
Package pdftex.def Info: theme/plecaAyD.png  used on input line 34.
(pdftex.def)             Requested size: 614.29208pt x 88.1067pt.
[24]

File: theme/headerInp.png Graphic file (type png)
<use theme/headerInp.png>
Package pdftex.def Info: theme/headerInp.png  used on input line 67.
(pdftex.def)             Requested size: 210.00035pt x 35.0pt.
File: theme/plecaAyD.png Graphic file (type png)
<use theme/plecaAyD.png>
Package pdftex.def Info: theme/plecaAyD.png  used on input line 67.
(pdftex.def)             Requested size: 614.29208pt x 88.1067pt.
[25]
LaTeX Font Info:    Trying to load font information for OT1+txtt on input line 
68.
 (/usr/share/texlive/texmf-dist/tex/latex/txfonts/ot1txtt.fd
File: ot1txtt.fd 2000/12/15 v3.1
)

File: theme/headerPar.png Graphic file (type png)
<use theme/headerPar.png>
Package pdftex.def Info: theme/headerPar.png  used on input line 111.
(pdftex.def)             Requested size: 210.00035pt x 35.0pt.
File: theme/plecaAyD.png Graphic file (type png)
<use theme/plecaAyD.png>
Package pdftex.def Info: theme/plecaAyD.png  used on input line 111.
(pdftex.def)             Requested size: 614.29208pt x 88.1067pt.
[26])
<images/maquina_estados_expediente.png, id=1333, 903.375pt x 451.6875pt>
File: images/maquina_estados_expediente.png Graphic file (type png)
<use images/maquina_estados_expediente.png>
Package pdftex.def Info: images/maquina_estados_expediente.png  used on input l
ine 157.
(pdftex.def)             Requested size: 475.45825pt x 237.73221pt.


File: theme/headerInp.png Graphic file (type png)
<use theme/headerInp.png>
Package pdftex.def Info: theme/headerInp.png  used on input line 170.
(pdftex.def)             Requested size: 210.00035pt x 35.0pt.
File: theme/plecaAyD.png Graphic file (type png)
<use theme/plecaAyD.png>
Package pdftex.def Info: theme/plecaAyD.png  used on input line 170.
(pdftex.def)             Requested size: 614.29208pt x 88.1067pt.
[27])

File: theme/headerPar.png Graphic file (type png)
<use theme/headerPar.png>
Package pdftex.def Info: theme/headerPar.png  used on input line 40.
(pdftex.def)             Requested size: 210.00035pt x 35.0pt.
File: theme/plecaAyD.png Graphic file (type png)
<use theme/plecaAyD.png>
Package pdftex.def Info: theme/plecaAyD.png  used on input line 40.
(pdftex.def)             Requested size: 614.29208pt x 88.1067pt.
[28 <./images/maquina_estados_expediente.png (PNG copy)>]
\openout2 = `4ModeloDinamico.aux'.


(./4ModeloDinamico.tex
Cap\'{\i }tulo 4.
<images/casosDeUso.png, id=1348, 702.625pt x 451.6875pt>
File: images/casosDeUso.png Graphic file (type png)
<use images/casosDeUso.png>
Package pdftex.def Info: images/casosDeUso.png  used on input line 9.
(pdftex.def)             Requested size: 400.38872pt x 257.40251pt.
<images/casosDeUsoDetalle.png, id=1349, 903.375pt x 602.25pt>
File: images/casosDeUsoDetalle.png Graphic file (type png)
<use images/casosDeUsoDetalle.png>
Package pdftex.def Info: images/casosDeUsoDetalle.png  used on input line 17.
(pdftex.def)             Requested size: 425.41444pt x 283.6181pt.


File: theme/plecaAyD.png Graphic file (type png)
<use theme/plecaAyD.png>
Package pdftex.def Info: theme/plecaAyD.png  used on input line 21.
(pdftex.def)             Requested size: 614.29208pt x 88.1067pt.
[29




 <./images/casosDeUso.png (PNG copy)>]
<theme/uc/actorRule.png, id=1356, 1401.0744pt x 130.086pt>
File: theme/uc/actorRule.png Graphic file (type png)
<use theme/uc/actorRule.png>
Package pdftex.def Info: theme/uc/actorRule.png  used on input line 30.
(pdftex.def)             Requested size: 500.484pt x 46.46767pt.


File: theme/headerPar.png Graphic file (type png)
<use theme/headerPar.png>
Package pdftex.def Info: theme/headerPar.png  used on input line 42.
(pdftex.def)             Requested size: 210.00035pt x 35.0pt.
File: theme/plecaAyD.png Graphic file (type png)
<use theme/plecaAyD.png>
Package pdftex.def Info: theme/plecaAyD.png  used on input line 42.
(pdftex.def)             Requested size: 614.29208pt x 88.1067pt.
[30 <./images/casosDeUsoDetalle.png (PNG copy)> <./theme/uc/actorRule.png>]
File: theme/uc/actorRule.png Graphic file (type png)
<use theme/uc/actorRule.png>
Package pdftex.def Info: theme/uc/actorRule.png  used on input line 47.
(pdftex.def)             Requested size: 500.484pt x 46.46767pt.
File: theme/uc/actorRule.png Graphic file (type png)
<use theme/uc/actorRule.png>
Package pdftex.def Info: theme/uc/actorRule.png  used on input line 63.
(pdftex.def)             Requested size: 500.484pt x 46.46767pt.


File: theme/headerInp.png Graphic file (type png)
<use theme/headerInp.png>
Package pdftex.def Info: theme/headerInp.png  used on input line 78.
(pdftex.def)             Requested size: 210.00035pt x 35.0pt.
File: theme/plecaAyD.png Graphic file (type png)
<use theme/plecaAyD.png>
Package pdftex.def Info: theme/plecaAyD.png  used on input line 78.
(pdftex.def)             Requested size: 614.29208pt x 88.1067pt.
[31]

File: theme/headerPar.png Graphic file (type png)
<use theme/headerPar.png>
Package pdftex.def Info: theme/headerPar.png  used on input line 78.
(pdftex.def)             Requested size: 210.00035pt x 35.0pt.
File: theme/plecaAyD.png Graphic file (type png)
<use theme/plecaAyD.png>
Package pdftex.def Info: theme/plecaAyD.png  used on input line 78.
(pdftex.def)             Requested size: 614.29208pt x 88.1067pt.
[32

] (./cu/cu-01.tex

File: theme/headerInp.png Graphic file (type png)
<use theme/headerInp.png>
Package pdftex.def Info: theme/headerInp.png  used on input line 4.
(pdftex.def)             Requested size: 210.00035pt x 35.0pt.
File: theme/plecaAyD.png Graphic file (type png)
<use theme/plecaAyD.png>
Package pdftex.def Info: theme/plecaAyD.png  used on input line 4.
(pdftex.def)             Requested size: 614.29208pt x 88.1067pt.
[33]
<theme/uc/default.png, id=1377, 926.46124pt x 57.21375pt>
File: theme/uc/default.png Graphic file (type png)
<use theme/uc/default.png>
Package pdftex.def Info: theme/uc/default.png  used on input line 4.
(pdftex.def)             Requested size: 550.53545pt x 33.9985pt.

Overfull \hbox (50.05145pt too wide) in paragraph at lines 4--4
[][] 
 []


Underfull \hbox (badness 10000) in paragraph at lines 27--27

 []

<theme/uc/actor.png, id=1385, 96.36pt x 74.2775pt>
File: theme/uc/actor.png Graphic file (type png)
<use theme/uc/actor.png>
Package pdftex.def Info: theme/uc/actor.png  used on input line 28.
(pdftex.def)             Requested size: 14.26958pt x 11.0pt.
<theme/uc/usecase.png, id=1386, 91.34125pt x 61.22874pt>
File: theme/uc/usecase.png Graphic file (type png)
<use theme/uc/usecase.png>
Package pdftex.def Info: theme/uc/usecase.png  used on input line 29.
(pdftex.def)             Requested size: 16.40865pt x 11.0pt.
File: theme/uc/actor.png Graphic file (type png)
<use theme/uc/actor.png>
Package pdftex.def Info: theme/uc/actor.png  used on input line 30.
(pdftex.def)             Requested size: 14.26958pt x 11.0pt.
File: theme/uc/usecase.png Graphic file (type png)
<use theme/uc/usecase.png>
Package pdftex.def Info: theme/uc/usecase.png  used on input line 31.
(pdftex.def)             Requested size: 16.40865pt x 11.0pt.


File: theme/headerPar.png Graphic file (type png)
<use theme/headerPar.png>
Package pdftex.def Info: theme/headerPar.png  used on input line 32.
(pdftex.def)             Requested size: 210.00035pt x 35.0pt.
File: theme/plecaAyD.png Graphic file (type png)
<use theme/plecaAyD.png>
Package pdftex.def Info: theme/plecaAyD.png  used on input line 32.
(pdftex.def)             Requested size: 614.29208pt x 88.1067pt.
[34 <./theme/uc/default.png> <./theme/uc/actor.png> <./theme/uc/usecase.png>]
File: theme/uc/usecase.png Graphic file (type png)
<use theme/uc/usecase.png>
Package pdftex.def Info: theme/uc/usecase.png  used on input line 32.
(pdftex.def)             Requested size: 16.40865pt x 11.0pt.
File: theme/uc/usecase.png Graphic file (type png)
<use theme/uc/usecase.png>
Package pdftex.def Info: theme/uc/usecase.png  used on input line 33.
(pdftex.def)             Requested size: 16.40865pt x 11.0pt.
File: theme/uc/usecase.png Graphic file (type png)
<use theme/uc/usecase.png>
Package pdftex.def Info: theme/uc/usecase.png  used on input line 34.
(pdftex.def)             Requested size: 16.40865pt x 11.0pt.
File: theme/uc/usecase.png Graphic file (type png)
<use theme/uc/usecase.png>
Package pdftex.def Info: theme/uc/usecase.png  used on input line 35.
(pdftex.def)             Requested size: 16.40865pt x 11.0pt.
LaTeX Font Info:    Font shape `OT1/txss/m/n' will be
(Font)              scaled to size 8.54997pt on input line 39.
LaTeX Font Info:    Font shape `OT1/txss/b/n' will be
(Font)              scaled to size 8.54997pt on input line 39.
File: theme/uc/usecase.png Graphic file (type png)
<use theme/uc/usecase.png>
Package pdftex.def Info: theme/uc/usecase.png  used on input line 40.
(pdftex.def)             Requested size: 16.40865pt x 11.0pt.
File: theme/uc/actor.png Graphic file (type png)
<use theme/uc/actor.png>
Package pdftex.def Info: theme/uc/actor.png  used on input line 41.
(pdftex.def)             Requested size: 14.26958pt x 11.0pt.
File: theme/uc/usecase.png Graphic file (type png)
<use theme/uc/usecase.png>
Package pdftex.def Info: theme/uc/usecase.png  used on input line 42.
(pdftex.def)             Requested size: 16.40865pt x 11.0pt.
File: theme/uc/usecase.png Graphic file (type png)
<use theme/uc/usecase.png>
Package pdftex.def Info: theme/uc/usecase.png  used on input line 46.
(pdftex.def)             Requested size: 16.40865pt x 11.0pt.
File: theme/uc/actor.png Graphic file (type png)
<use theme/uc/actor.png>
Package pdftex.def Info: theme/uc/actor.png  used on input line 47.
(pdftex.def)             Requested size: 14.26958pt x 11.0pt.
File: theme/uc/usecase.png Graphic file (type png)
<use theme/uc/usecase.png>
Package pdftex.def Info: theme/uc/usecase.png  used on input line 48.
(pdftex.def)             Requested size: 16.40865pt x 11.0pt.
File: theme/uc/usecase.png Graphic file (type png)
<use theme/uc/usecase.png>
Package pdftex.def Info: theme/uc/usecase.png  used on input line 52.
(pdftex.def)             Requested size: 16.40865pt x 11.0pt.
File: theme/uc/actor.png Graphic file (type png)
<use theme/uc/actor.png>
Package pdftex.def Info: theme/uc/actor.png  used on input line 53.
(pdftex.def)             Requested size: 14.26958pt x 11.0pt.
)
(./cu/cu-02.tex

File: theme/headerInp.png Graphic file (type png)
<use theme/headerInp.png>
Package pdftex.def Info: theme/headerInp.png  used on input line 4.
(pdftex.def)             Requested size: 210.00035pt x 35.0pt.
File: theme/plecaAyD.png Graphic file (type png)
<use theme/plecaAyD.png>
Package pdftex.def Info: theme/plecaAyD.png  used on input line 4.
(pdftex.def)             Requested size: 614.29208pt x 88.1067pt.
[35 </usr/share/texlive/texmf-dist/tex/latex/keystroke/keystroke_left.pdf> </us
r/share/texlive/texmf-dist/tex/latex/keystroke/keystroke_middle.pdf> </usr/shar
e/texlive/texmf-dist/tex/latex/keystroke/keystroke_right.pdf>]
File: theme/uc/default.png Graphic file (type png)
<use theme/uc/default.png>
Package pdftex.def Info: theme/uc/default.png  used on input line 4.
(pdftex.def)             Requested size: 550.53545pt x 33.9985pt.

Overfull \hbox (50.05145pt too wide) in paragraph at lines 4--4
[][] 
 []


Underfull \hbox (badness 10000) in paragraph at lines 26--26

 []

File: theme/uc/actor.png Graphic file (type png)
<use theme/uc/actor.png>
Package pdftex.def Info: theme/uc/actor.png  used on input line 27.
(pdftex.def)             Requested size: 14.26958pt x 11.0pt.
File: theme/uc/usecase.png Graphic file (type png)
<use theme/uc/usecase.png>
Package pdftex.def Info: theme/uc/usecase.png  used on input line 28.
(pdftex.def)             Requested size: 16.40865pt x 11.0pt.
File: theme/uc/actor.png Graphic file (type png)
<use theme/uc/actor.png>
Package pdftex.def Info: theme/uc/actor.png  used on input line 29.
(pdftex.def)             Requested size: 14.26958pt x 11.0pt.
File: theme/uc/usecase.png Graphic file (type png)
<use theme/uc/usecase.png>
Package pdftex.def Info: theme/uc/usecase.png  used on input line 30.
(pdftex.def)             Requested size: 16.40865pt x 11.0pt.


File: theme/headerPar.png Graphic file (type png)
<use theme/headerPar.png>
Package pdftex.def Info: theme/headerPar.png  used on input line 31.
(pdftex.def)             Requested size: 210.00035pt x 35.0pt.
File: theme/plecaAyD.png Graphic file (type png)
<use theme/plecaAyD.png>
Package pdftex.def Info: theme/plecaAyD.png  used on input line 31.
(pdftex.def)             Requested size: 614.29208pt x 88.1067pt.
[36]
File: theme/uc/actor.png Graphic file (type png)
<use theme/uc/actor.png>
Package pdftex.def Info: theme/uc/actor.png  used on input line 31.
(pdftex.def)             Requested size: 14.26958pt x 11.0pt.
File: theme/uc/usecase.png Graphic file (type png)
<use theme/uc/usecase.png>
Package pdftex.def Info: theme/uc/usecase.png  used on input line 32.
(pdftex.def)             Requested size: 16.40865pt x 11.0pt.
File: theme/uc/usecase.png Graphic file (type png)
<use theme/uc/usecase.png>
Package pdftex.def Info: theme/uc/usecase.png  used on input line 33.
(pdftex.def)             Requested size: 16.40865pt x 11.0pt.
File: theme/uc/usecase.png Graphic file (type png)
<use theme/uc/usecase.png>
Package pdftex.def Info: theme/uc/usecase.png  used on input line 34.
(pdftex.def)             Requested size: 16.40865pt x 11.0pt.
File: theme/uc/usecase.png Graphic file (type png)
<use theme/uc/usecase.png>
Package pdftex.def Info: theme/uc/usecase.png  used on input line 35.
(pdftex.def)             Requested size: 16.40865pt x 11.0pt.
File: theme/uc/usecase.png Graphic file (type png)
<use theme/uc/usecase.png>
Package pdftex.def Info: theme/uc/usecase.png  used on input line 36.
(pdftex.def)             Requested size: 16.40865pt x 11.0pt.
File: theme/uc/usecase.png Graphic file (type png)
<use theme/uc/usecase.png>
Package pdftex.def Info: theme/uc/usecase.png  used on input line 41.
(pdftex.def)             Requested size: 16.40865pt x 11.0pt.
File: theme/uc/actor.png Graphic file (type png)
<use theme/uc/actor.png>
Package pdftex.def Info: theme/uc/actor.png  used on input line 42.
(pdftex.def)             Requested size: 14.26958pt x 11.0pt.
File: theme/uc/usecase.png Graphic file (type png)
<use theme/uc/usecase.png>
Package pdftex.def Info: theme/uc/usecase.png  used on input line 43.
(pdftex.def)             Requested size: 16.40865pt x 11.0pt.
File: theme/uc/usecase.png Graphic file (type png)
<use theme/uc/usecase.png>
Package pdftex.def Info: theme/uc/usecase.png  used on input line 47.
(pdftex.def)             Requested size: 16.40865pt x 11.0pt.
File: theme/uc/actor.png Graphic file (type png)
<use theme/uc/actor.png>
Package pdftex.def Info: theme/uc/actor.png  used on input line 48.
(pdftex.def)             Requested size: 14.26958pt x 11.0pt.
File: theme/uc/usecase.png Graphic file (type png)
<use theme/uc/usecase.png>
Package pdftex.def Info: theme/uc/usecase.png  used on input line 49.
(pdftex.def)             Requested size: 16.40865pt x 11.0pt.
) (./cu/cu-03.tex

File: theme/headerInp.png Graphic file (type png)
<use theme/headerInp.png>
Package pdftex.def Info: theme/headerInp.png  used on input line 4.
(pdftex.def)             Requested size: 210.00035pt x 35.0pt.
File: theme/plecaAyD.png Graphic file (type png)
<use theme/plecaAyD.png>
Package pdftex.def Info: theme/plecaAyD.png  used on input line 4.
(pdftex.def)             Requested size: 614.29208pt x 88.1067pt.
[37]
File: theme/uc/default.png Graphic file (type png)
<use theme/uc/default.png>
Package pdftex.def Info: theme/uc/default.png  used on input line 4.
(pdftex.def)             Requested size: 550.53545pt x 33.9985pt.

Overfull \hbox (50.05145pt too wide) in paragraph at lines 4--4
[][] 
 []


Underfull \hbox (badness 10000) in paragraph at lines 27--27

 []



File: theme/headerPar.png Graphic file (type png)
<use theme/headerPar.png>
Package pdftex.def Info: theme/headerPar.png  used on input line 27.
(pdftex.def)             Requested size: 210.00035pt x 35.0pt.
File: theme/plecaAyD.png Graphic file (type png)
<use theme/plecaAyD.png>
Package pdftex.def Info: theme/plecaAyD.png  used on input line 27.
(pdftex.def)             Requested size: 614.29208pt x 88.1067pt.
[38]
File: theme/uc/actor.png Graphic file (type png)
<use theme/uc/actor.png>
Package pdftex.def Info: theme/uc/actor.png  used on input line 28.
(pdftex.def)             Requested size: 14.26958pt x 11.0pt.
File: theme/uc/usecase.png Graphic file (type png)
<use theme/uc/usecase.png>
Package pdftex.def Info: theme/uc/usecase.png  used on input line 29.
(pdftex.def)             Requested size: 16.40865pt x 11.0pt.
File: theme/uc/actor.png Graphic file (type png)
<use theme/uc/actor.png>
Package pdftex.def Info: theme/uc/actor.png  used on input line 30.
(pdftex.def)             Requested size: 14.26958pt x 11.0pt.
File: theme/uc/usecase.png Graphic file (type png)
<use theme/uc/usecase.png>
Package pdftex.def Info: theme/uc/usecase.png  used on input line 31.
(pdftex.def)             Requested size: 16.40865pt x 11.0pt.
File: theme/uc/usecase.png Graphic file (type png)
<use theme/uc/usecase.png>
Package pdftex.def Info: theme/uc/usecase.png  used on input line 32.
(pdftex.def)             Requested size: 16.40865pt x 11.0pt.
File: theme/uc/actor.png Graphic file (type png)
<use theme/uc/actor.png>
Package pdftex.def Info: theme/uc/actor.png  used on input line 33.
(pdftex.def)             Requested size: 14.26958pt x 11.0pt.
File: theme/uc/usecase.png Graphic file (type png)
<use theme/uc/usecase.png>
Package pdftex.def Info: theme/uc/usecase.png  used on input line 34.
(pdftex.def)             Requested size: 16.40865pt x 11.0pt.
File: theme/uc/usecase.png Graphic file (type png)
<use theme/uc/usecase.png>
Package pdftex.def Info: theme/uc/usecase.png  used on input line 35.
(pdftex.def)             Requested size: 16.40865pt x 11.0pt.
File: theme/uc/usecase.png Graphic file (type png)
<use theme/uc/usecase.png>
Package pdftex.def Info: theme/uc/usecase.png  used on input line 36.
(pdftex.def)             Requested size: 16.40865pt x 11.0pt.
File: theme/uc/usecase.png Graphic file (type png)
<use theme/uc/usecase.png>
Package pdftex.def Info: theme/uc/usecase.png  used on input line 37.
(pdftex.def)             Requested size: 16.40865pt x 11.0pt.
File: theme/uc/usecase.png Graphic file (type png)
<use theme/uc/usecase.png>
Package pdftex.def Info: theme/uc/usecase.png  used on input line 42.
(pdftex.def)             Requested size: 16.40865pt x 11.0pt.
File: theme/uc/usecase.png Graphic file (type png)
<use theme/uc/usecase.png>
Package pdftex.def Info: theme/uc/usecase.png  used on input line 43.
(pdftex.def)             Requested size: 16.40865pt x 11.0pt.
File: theme/uc/usecase.png Graphic file (type png)
<use theme/uc/usecase.png>
Package pdftex.def Info: theme/uc/usecase.png  used on input line 47.
(pdftex.def)             Requested size: 16.40865pt x 11.0pt.
File: theme/uc/actor.png Graphic file (type png)
<use theme/uc/actor.png>
Package pdftex.def Info: theme/uc/actor.png  used on input line 48.
(pdftex.def)             Requested size: 14.26958pt x 11.0pt.
File: theme/uc/usecase.png Graphic file (type png)
<use theme/uc/usecase.png>
Package pdftex.def Info: theme/uc/usecase.png  used on input line 49.
(pdftex.def)             Requested size: 16.40865pt x 11.0pt.
File: theme/uc/usecase.png Graphic file (type png)
<use theme/uc/usecase.png>
Package pdftex.def Info: theme/uc/usecase.png  used on input line 53.
(pdftex.def)             Requested size: 16.40865pt x 11.0pt.
File: theme/uc/actor.png Graphic file (type png)
<use theme/uc/actor.png>
Package pdftex.def Info: theme/uc/actor.png  used on input line 54.
(pdftex.def)             Requested size: 14.26958pt x 11.0pt.
File: theme/uc/usecase.png Graphic file (type png)
<use theme/uc/usecase.png>
Package pdftex.def Info: theme/uc/usecase.png  used on input line 55.
(pdftex.def)             Requested size: 16.40865pt x 11.0pt.
) (./cu/cu-04.tex

File: theme/headerInp.png Graphic file (type png)
<use theme/headerInp.png>
Package pdftex.def Info: theme/headerInp.png  used on input line 4.
(pdftex.def)             Requested size: 210.00035pt x 35.0pt.
File: theme/plecaAyD.png Graphic file (type png)
<use theme/plecaAyD.png>
Package pdftex.def Info: theme/plecaAyD.png  used on input line 4.
(pdftex.def)             Requested size: 614.29208pt x 88.1067pt.
[39]
File: theme/uc/default.png Graphic file (type png)
<use theme/uc/default.png>
Package pdftex.def Info: theme/uc/default.png  used on input line 4.
(pdftex.def)             Requested size: 550.53545pt x 33.9985pt.

Overfull \hbox (50.05145pt too wide) in paragraph at lines 4--4
[][] 
 []


Underfull \hbox (badness 10000) in paragraph at lines 26--26

 []

File: theme/uc/actor.png Graphic file (type png)
<use theme/uc/actor.png>
Package pdftex.def Info: theme/uc/actor.png  used on input line 27.
(pdftex.def)             Requested size: 14.26958pt x 11.0pt.
File: theme/uc/usecase.png Graphic file (type png)
<use theme/uc/usecase.png>
Package pdftex.def Info: theme/uc/usecase.png  used on input line 28.
(pdftex.def)             Requested size: 16.40865pt x 11.0pt.
File: theme/uc/actor.png Graphic file (type png)
<use theme/uc/actor.png>
Package pdftex.def Info: theme/uc/actor.png  used on input line 29.
(pdftex.def)             Requested size: 14.26958pt x 11.0pt.
File: theme/uc/actor.png Graphic file (type png)
<use theme/uc/actor.png>
Package pdftex.def Info: theme/uc/actor.png  used on input line 30.
(pdftex.def)             Requested size: 14.26958pt x 11.0pt.


File: theme/headerPar.png Graphic file (type png)
<use theme/headerPar.png>
Package pdftex.def Info: theme/headerPar.png  used on input line 31.
(pdftex.def)             Requested size: 210.00035pt x 35.0pt.
File: theme/plecaAyD.png Graphic file (type png)
<use theme/plecaAyD.png>
Package pdftex.def Info: theme/plecaAyD.png  used on input line 31.
(pdftex.def)             Requested size: 614.29208pt x 88.1067pt.
[40]
File: theme/uc/actor.png Graphic file (type png)
<use theme/uc/actor.png>
Package pdftex.def Info: theme/uc/actor.png  used on input line 31.
(pdftex.def)             Requested size: 14.26958pt x 11.0pt.
File: theme/uc/usecase.png Graphic file (type png)
<use theme/uc/usecase.png>
Package pdftex.def Info: theme/uc/usecase.png  used on input line 32.
(pdftex.def)             Requested size: 16.40865pt x 11.0pt.
File: theme/uc/usecase.png Graphic file (type png)
<use theme/uc/usecase.png>
Package pdftex.def Info: theme/uc/usecase.png  used on input line 33.
(pdftex.def)             Requested size: 16.40865pt x 11.0pt.
File: theme/uc/usecase.png Graphic file (type png)
<use theme/uc/usecase.png>
Package pdftex.def Info: theme/uc/usecase.png  used on input line 34.
(pdftex.def)             Requested size: 16.40865pt x 11.0pt.
File: theme/uc/usecase.png Graphic file (type png)
<use theme/uc/usecase.png>
Package pdftex.def Info: theme/uc/usecase.png  used on input line 35.
(pdftex.def)             Requested size: 16.40865pt x 11.0pt.
File: theme/uc/usecase.png Graphic file (type png)
<use theme/uc/usecase.png>
Package pdftex.def Info: theme/uc/usecase.png  used on input line 40.
(pdftex.def)             Requested size: 16.40865pt x 11.0pt.
File: theme/uc/actor.png Graphic file (type png)
<use theme/uc/actor.png>
Package pdftex.def Info: theme/uc/actor.png  used on input line 41.
(pdftex.def)             Requested size: 14.26958pt x 11.0pt.
File: theme/uc/usecase.png Graphic file (type png)
<use theme/uc/usecase.png>
Package pdftex.def Info: theme/uc/usecase.png  used on input line 42.
(pdftex.def)             Requested size: 16.40865pt x 11.0pt.
File: theme/uc/usecase.png Graphic file (type png)
<use theme/uc/usecase.png>
Package pdftex.def Info: theme/uc/usecase.png  used on input line 46.
(pdftex.def)             Requested size: 16.40865pt x 11.0pt.
File: theme/uc/usecase.png Graphic file (type png)
<use theme/uc/usecase.png>
Package pdftex.def Info: theme/uc/usecase.png  used on input line 47.
(pdftex.def)             Requested size: 16.40865pt x 11.0pt.
) (./cu/cu-05.tex

File: theme/headerInp.png Graphic file (type png)
<use theme/headerInp.png>
Package pdftex.def Info: theme/headerInp.png  used on input line 4.
(pdftex.def)             Requested size: 210.00035pt x 35.0pt.
File: theme/plecaAyD.png Graphic file (type png)
<use theme/plecaAyD.png>
Package pdftex.def Info: theme/plecaAyD.png  used on input line 4.
(pdftex.def)             Requested size: 614.29208pt x 88.1067pt.
[41]
File: theme/uc/default.png Graphic file (type png)
<use theme/uc/default.png>
Package pdftex.def Info: theme/uc/default.png  used on input line 4.
(pdftex.def)             Requested size: 550.53545pt x 33.9985pt.

Overfull \hbox (50.05145pt too wide) in paragraph at lines 4--4
[][] 
 []


Underfull \hbox (badness 10000) in paragraph at lines 27--27

 []

File: theme/uc/actor.png Graphic file (type png)
<use theme/uc/actor.png>
Package pdftex.def Info: theme/uc/actor.png  used on input line 28.
(pdftex.def)             Requested size: 14.26958pt x 11.0pt.


File: theme/headerPar.png Graphic file (type png)
<use theme/headerPar.png>
Package pdftex.def Info: theme/headerPar.png  used on input line 29.
(pdftex.def)             Requested size: 210.00035pt x 35.0pt.
File: theme/plecaAyD.png Graphic file (type png)
<use theme/plecaAyD.png>
Package pdftex.def Info: theme/plecaAyD.png  used on input line 29.
(pdftex.def)             Requested size: 614.29208pt x 88.1067pt.
[42]
File: theme/uc/usecase.png Graphic file (type png)
<use theme/uc/usecase.png>
Package pdftex.def Info: theme/uc/usecase.png  used on input line 29.
(pdftex.def)             Requested size: 16.40865pt x 11.0pt.
File: theme/uc/usecase.png Graphic file (type png)
<use theme/uc/usecase.png>
Package pdftex.def Info: theme/uc/usecase.png  used on input line 30.
(pdftex.def)             Requested size: 16.40865pt x 11.0pt.
<theme/uc/iu.png, id=1536, 61.22874pt x 55.20625pt>
File: theme/uc/iu.png Graphic file (type png)
<use theme/uc/iu.png>
Package pdftex.def Info: theme/uc/iu.png  used on input line 30.
(pdftex.def)             Requested size: 11.09076pt x 10.0pt.
File: theme/uc/actor.png Graphic file (type png)
<use theme/uc/actor.png>
Package pdftex.def Info: theme/uc/actor.png  used on input line 31.
(pdftex.def)             Requested size: 14.26958pt x 11.0pt.
File: theme/uc/actor.png Graphic file (type png)
<use theme/uc/actor.png>
Package pdftex.def Info: theme/uc/actor.png  used on input line 32.
(pdftex.def)             Requested size: 14.26958pt x 11.0pt.
File: theme/uc/actor.png Graphic file (type png)
<use theme/uc/actor.png>
Package pdftex.def Info: theme/uc/actor.png  used on input line 33.
(pdftex.def)             Requested size: 14.26958pt x 11.0pt.
File: theme/uc/usecase.png Graphic file (type png)
<use theme/uc/usecase.png>
Package pdftex.def Info: theme/uc/usecase.png  used on input line 34.
(pdftex.def)             Requested size: 16.40865pt x 11.0pt.
File: theme/uc/actor.png Graphic file (type png)
<use theme/uc/actor.png>
Package pdftex.def Info: theme/uc/actor.png  used on input line 35.
(pdftex.def)             Requested size: 14.26958pt x 11.0pt.
File: theme/uc/usecase.png Graphic file (type png)
<use theme/uc/usecase.png>
Package pdftex.def Info: theme/uc/usecase.png  used on input line 36.
(pdftex.def)             Requested size: 16.40865pt x 11.0pt.
File: theme/uc/usecase.png Graphic file (type png)
<use theme/uc/usecase.png>
Package pdftex.def Info: theme/uc/usecase.png  used on input line 37.
(pdftex.def)             Requested size: 16.40865pt x 11.0pt.
File: theme/uc/usecase.png Graphic file (type png)
<use theme/uc/usecase.png>
Package pdftex.def Info: theme/uc/usecase.png  used on input line 38.
(pdftex.def)             Requested size: 16.40865pt x 11.0pt.
File: theme/uc/usecase.png Graphic file (type png)
<use theme/uc/usecase.png>
Package pdftex.def Info: theme/uc/usecase.png  used on input line 39.
(pdftex.def)             Requested size: 16.40865pt x 11.0pt.
File: theme/uc/usecase.png Graphic file (type png)
<use theme/uc/usecase.png>
Package pdftex.def Info: theme/uc/usecase.png  used on input line 40.
(pdftex.def)             Requested size: 16.40865pt x 11.0pt.
File: theme/uc/usecase.png Graphic file (type png)
<use theme/uc/usecase.png>
Package pdftex.def Info: theme/uc/usecase.png  used on input line 45.
(pdftex.def)             Requested size: 16.40865pt x 11.0pt.
File: theme/uc/actor.png Graphic file (type png)
<use theme/uc/actor.png>
Package pdftex.def Info: theme/uc/actor.png  used on input line 46.
(pdftex.def)             Requested size: 14.26958pt x 11.0pt.
File: theme/uc/usecase.png Graphic file (type png)
<use theme/uc/usecase.png>
Package pdftex.def Info: theme/uc/usecase.png  used on input line 47.
(pdftex.def)             Requested size: 16.40865pt x 11.0pt.
File: theme/uc/usecase.png Graphic file (type png)
<use theme/uc/usecase.png>
Package pdftex.def Info: theme/uc/usecase.png  used on input line 51.
(pdftex.def)             Requested size: 16.40865pt x 11.0pt.
File: theme/uc/actor.png Graphic file (type png)
<use theme/uc/actor.png>
Package pdftex.def Info: theme/uc/actor.png  used on input line 52.
(pdftex.def)             Requested size: 14.26958pt x 11.0pt.
File: theme/uc/usecase.png Graphic file (type png)
<use theme/uc/usecase.png>
Package pdftex.def Info: theme/uc/usecase.png  used on input line 53.
(pdftex.def)             Requested size: 16.40865pt x 11.0pt.
File: theme/uc/usecase.png Graphic file (type png)
<use theme/uc/usecase.png>
Package pdftex.def Info: theme/uc/usecase.png  used on input line 57.
(pdftex.def)             Requested size: 16.40865pt x 11.0pt.
File: theme/uc/actor.png Graphic file (type png)
<use theme/uc/actor.png>
Package pdftex.def Info: theme/uc/actor.png  used on input line 58.
(pdftex.def)             Requested size: 14.26958pt x 11.0pt.
File: theme/uc/usecase.png Graphic file (type png)
<use theme/uc/usecase.png>
Package pdftex.def Info: theme/uc/usecase.png  used on input line 59.
(pdftex.def)             Requested size: 16.40865pt x 11.0pt.
) (./cu/cu-06.tex

File: theme/headerInp.png Graphic file (type png)
<use theme/headerInp.png>
Package pdftex.def Info: theme/headerInp.png  used on input line 4.
(pdftex.def)             Requested size: 210.00035pt x 35.0pt.
File: theme/plecaAyD.png Graphic file (type png)
<use theme/plecaAyD.png>
Package pdftex.def Info: theme/plecaAyD.png  used on input line 4.
(pdftex.def)             Requested size: 614.29208pt x 88.1067pt.
[43 <./theme/uc/iu.png>]
File: theme/uc/default.png Graphic file (type png)
<use theme/uc/default.png>
Package pdftex.def Info: theme/uc/default.png  used on input line 4.
(pdftex.def)             Requested size: 550.53545pt x 33.9985pt.

Overfull \hbox (50.05145pt too wide) in paragraph at lines 4--4
[][] 
 []


Underfull \hbox (badness 10000) in paragraph at lines 25--25

 []

File: theme/uc/actor.png Graphic file (type png)
<use theme/uc/actor.png>
Package pdftex.def Info: theme/uc/actor.png  used on input line 26.
(pdftex.def)             Requested size: 14.26958pt x 11.0pt.
File: theme/uc/usecase.png Graphic file (type png)
<use theme/uc/usecase.png>
Package pdftex.def Info: theme/uc/usecase.png  used on input line 27.
(pdftex.def)             Requested size: 16.40865pt x 11.0pt.


File: theme/headerPar.png Graphic file (type png)
<use theme/headerPar.png>
Package pdftex.def Info: theme/headerPar.png  used on input line 28.
(pdftex.def)             Requested size: 210.00035pt x 35.0pt.
File: theme/plecaAyD.png Graphic file (type png)
<use theme/plecaAyD.png>
Package pdftex.def Info: theme/plecaAyD.png  used on input line 28.
(pdftex.def)             Requested size: 614.29208pt x 88.1067pt.
[44]
File: theme/uc/usecase.png Graphic file (type png)
<use theme/uc/usecase.png>
Package pdftex.def Info: theme/uc/usecase.png  used on input line 28.
(pdftex.def)             Requested size: 16.40865pt x 11.0pt.
File: theme/uc/iu.png Graphic file (type png)
<use theme/uc/iu.png>
Package pdftex.def Info: theme/uc/iu.png  used on input line 28.
(pdftex.def)             Requested size: 11.09076pt x 10.0pt.
File: theme/uc/actor.png Graphic file (type png)
<use theme/uc/actor.png>
Package pdftex.def Info: theme/uc/actor.png  used on input line 29.
(pdftex.def)             Requested size: 14.26958pt x 11.0pt.
File: theme/uc/usecase.png Graphic file (type png)
<use theme/uc/usecase.png>
Package pdftex.def Info: theme/uc/usecase.png  used on input line 36.
(pdftex.def)             Requested size: 16.40865pt x 11.0pt.
File: theme/uc/usecase.png Graphic file (type png)
<use theme/uc/usecase.png>
Package pdftex.def Info: theme/uc/usecase.png  used on input line 41.
(pdftex.def)             Requested size: 16.40865pt x 11.0pt.
File: theme/uc/usecase.png Graphic file (type png)
<use theme/uc/usecase.png>
Package pdftex.def Info: theme/uc/usecase.png  used on input line 42.
(pdftex.def)             Requested size: 16.40865pt x 11.0pt.
File: theme/uc/actor.png Graphic file (type png)
<use theme/uc/actor.png>
Package pdftex.def Info: theme/uc/actor.png  used on input line 43.
(pdftex.def)             Requested size: 14.26958pt x 11.0pt.
File: theme/uc/usecase.png Graphic file (type png)
<use theme/uc/usecase.png>
Package pdftex.def Info: theme/uc/usecase.png  used on input line 44.
(pdftex.def)             Requested size: 16.40865pt x 11.0pt.
File: theme/uc/usecase.png Graphic file (type png)
<use theme/uc/usecase.png>
Package pdftex.def Info: theme/uc/usecase.png  used on input line 48.
(pdftex.def)             Requested size: 16.40865pt x 11.0pt.
File: theme/uc/actor.png Graphic file (type png)
<use theme/uc/actor.png>
Package pdftex.def Info: theme/uc/actor.png  used on input line 49.
(pdftex.def)             Requested size: 14.26958pt x 11.0pt.
File: theme/uc/usecase.png Graphic file (type png)
<use theme/uc/usecase.png>
Package pdftex.def Info: theme/uc/usecase.png  used on input line 50.
(pdftex.def)             Requested size: 16.40865pt x 11.0pt.
File: theme/uc/usecase.png Graphic file (type png)
<use theme/uc/usecase.png>
Package pdftex.def Info: theme/uc/usecase.png  used on input line 51.
(pdftex.def)             Requested size: 16.40865pt x 11.0pt.
File: theme/uc/usecase.png Graphic file (type png)
<use theme/uc/usecase.png>
Package pdftex.def Info: theme/uc/usecase.png  used on input line 55.
(pdftex.def)             Requested size: 16.40865pt x 11.0pt.
File: theme/uc/usecase.png Graphic file (type png)
<use theme/uc/usecase.png>
Package pdftex.def Info: theme/uc/usecase.png  used on input line 56.
(pdftex.def)             Requested size: 16.40865pt x 11.0pt.
File: theme/uc/usecase.png Graphic file (type png)
<use theme/uc/usecase.png>
Package pdftex.def Info: theme/uc/usecase.png  used on input line 57.
(pdftex.def)             Requested size: 16.40865pt x 11.0pt.
File: theme/uc/usecase.png Graphic file (type png)
<use theme/uc/usecase.png>
Package pdftex.def Info: theme/uc/usecase.png  used on input line 61.
(pdftex.def)             Requested size: 16.40865pt x 11.0pt.


File: theme/headerInp.png Graphic file (type png)
<use theme/headerInp.png>
Package pdftex.def Info: theme/headerInp.png  used on input line 62.
(pdftex.def)             Requested size: 210.00035pt x 35.0pt.
File: theme/plecaAyD.png Graphic file (type png)
<use theme/plecaAyD.png>
Package pdftex.def Info: theme/plecaAyD.png  used on input line 62.
(pdftex.def)             Requested size: 614.29208pt x 88.1067pt.
[45]
File: theme/uc/usecase.png Graphic file (type png)
<use theme/uc/usecase.png>
Package pdftex.def Info: theme/uc/usecase.png  used on input line 62.
(pdftex.def)             Requested size: 16.40865pt x 11.0pt.
File: theme/uc/usecase.png Graphic file (type png)
<use theme/uc/usecase.png>
Package pdftex.def Info: theme/uc/usecase.png  used on input line 66.
(pdftex.def)             Requested size: 16.40865pt x 11.0pt.
File: theme/uc/actor.png Graphic file (type png)
<use theme/uc/actor.png>
Package pdftex.def Info: theme/uc/actor.png  used on input line 67.
(pdftex.def)             Requested size: 14.26958pt x 11.0pt.
File: theme/uc/usecase.png Graphic file (type png)
<use theme/uc/usecase.png>
Package pdftex.def Info: theme/uc/usecase.png  used on input line 68.
(pdftex.def)             Requested size: 16.40865pt x 11.0pt.
File: theme/uc/usecase.png Graphic file (type png)
<use theme/uc/usecase.png>
Package pdftex.def Info: theme/uc/usecase.png  used on input line 69.
(pdftex.def)             Requested size: 16.40865pt x 11.0pt.
) (./cu/cu-07.tex

File: theme/headerPar.png Graphic file (type png)
<use theme/headerPar.png>
Package pdftex.def Info: theme/headerPar.png  used on input line 4.
(pdftex.def)             Requested size: 210.00035pt x 35.0pt.
File: theme/plecaAyD.png Graphic file (type png)
<use theme/plecaAyD.png>
Package pdftex.def Info: theme/plecaAyD.png  used on input line 4.
(pdftex.def)             Requested size: 614.29208pt x 88.1067pt.
[46]
File: theme/uc/default.png Graphic file (type png)
<use theme/uc/default.png>
Package pdftex.def Info: theme/uc/default.png  used on input line 4.
(pdftex.def)             Requested size: 550.53545pt x 33.9985pt.

Overfull \hbox (50.05145pt too wide) in paragraph at lines 4--4
[][] 
 []


Underfull \hbox (badness 10000) in paragraph at lines 21--21

 []

File: theme/uc/actor.png Graphic file (type png)
<use theme/uc/actor.png>
Package pdftex.def Info: theme/uc/actor.png  used on input line 22.
(pdftex.def)             Requested size: 14.26958pt x 11.0pt.
File: theme/uc/usecase.png Graphic file (type png)
<use theme/uc/usecase.png>
Package pdftex.def Info: theme/uc/usecase.png  used on input line 23.
(pdftex.def)             Requested size: 16.40865pt x 11.0pt.
File: theme/uc/usecase.png Graphic file (type png)
<use theme/uc/usecase.png>
Package pdftex.def Info: theme/uc/usecase.png  used on input line 24.
(pdftex.def)             Requested size: 16.40865pt x 11.0pt.
File: theme/uc/usecase.png Graphic file (type png)
<use theme/uc/usecase.png>
Package pdftex.def Info: theme/uc/usecase.png  used on input line 25.
(pdftex.def)             Requested size: 16.40865pt x 11.0pt.
File: theme/uc/iu.png Graphic file (type png)
<use theme/uc/iu.png>
Package pdftex.def Info: theme/uc/iu.png  used on input line 25.
(pdftex.def)             Requested size: 11.09076pt x 10.0pt.
File: theme/uc/actor.png Graphic file (type png)
<use theme/uc/actor.png>
Package pdftex.def Info: theme/uc/actor.png  used on input line 26.
(pdftex.def)             Requested size: 14.26958pt x 11.0pt.


File: theme/headerInp.png Graphic file (type png)
<use theme/headerInp.png>
Package pdftex.def Info: theme/headerInp.png  used on input line 29.
(pdftex.def)             Requested size: 210.00035pt x 35.0pt.
File: theme/plecaAyD.png Graphic file (type png)
<use theme/plecaAyD.png>
Package pdftex.def Info: theme/plecaAyD.png  used on input line 29.
(pdftex.def)             Requested size: 614.29208pt x 88.1067pt.
[47]
File: theme/uc/usecase.png Graphic file (type png)
<use theme/uc/usecase.png>
Package pdftex.def Info: theme/uc/usecase.png  used on input line 35.
(pdftex.def)             Requested size: 16.40865pt x 11.0pt.
File: theme/uc/actor.png Graphic file (type png)
<use theme/uc/actor.png>
Package pdftex.def Info: theme/uc/actor.png  used on input line 36.
(pdftex.def)             Requested size: 14.26958pt x 11.0pt.
File: theme/uc/usecase.png Graphic file (type png)
<use theme/uc/usecase.png>
Package pdftex.def Info: theme/uc/usecase.png  used on input line 37.
(pdftex.def)             Requested size: 16.40865pt x 11.0pt.
) (./cu/cu-08.tex

File: theme/headerPar.png Graphic file (type png)
<use theme/headerPar.png>
Package pdftex.def Info: theme/headerPar.png  used on input line 4.
(pdftex.def)             Requested size: 210.00035pt x 35.0pt.
File: theme/plecaAyD.png Graphic file (type png)
<use theme/plecaAyD.png>
Package pdftex.def Info: theme/plecaAyD.png  used on input line 4.
(pdftex.def)             Requested size: 614.29208pt x 88.1067pt.
[48]
File: theme/uc/default.png Graphic file (type png)
<use theme/uc/default.png>
Package pdftex.def Info: theme/uc/default.png  used on input line 4.
(pdftex.def)             Requested size: 550.53545pt x 33.9985pt.

Overfull \hbox (50.05145pt too wide) in paragraph at lines 4--4
[][] 
 []


Underfull \hbox (badness 10000) in paragraph at lines 27--27

 []



File: theme/headerInp.png Graphic file (type png)
<use theme/headerInp.png>
Package pdftex.def Info: theme/headerInp.png  used on input line 27.
(pdftex.def)             Requested size: 210.00035pt x 35.0pt.
File: theme/plecaAyD.png Graphic file (type png)
<use theme/plecaAyD.png>
Package pdftex.def Info: theme/plecaAyD.png  used on input line 27.
(pdftex.def)             Requested size: 614.29208pt x 88.1067pt.
[49]
File: theme/uc/actor.png Graphic file (type png)
<use theme/uc/actor.png>
Package pdftex.def Info: theme/uc/actor.png  used on input line 28.
(pdftex.def)             Requested size: 14.26958pt x 11.0pt.
File: theme/uc/usecase.png Graphic file (type png)
<use theme/uc/usecase.png>
Package pdftex.def Info: theme/uc/usecase.png  used on input line 29.
(pdftex.def)             Requested size: 16.40865pt x 11.0pt.
File: theme/uc/actor.png Graphic file (type png)
<use theme/uc/actor.png>
Package pdftex.def Info: theme/uc/actor.png  used on input line 30.
(pdftex.def)             Requested size: 14.26958pt x 11.0pt.
File: theme/uc/usecase.png Graphic file (type png)
<use theme/uc/usecase.png>
Package pdftex.def Info: theme/uc/usecase.png  used on input line 31.
(pdftex.def)             Requested size: 16.40865pt x 11.0pt.
File: theme/uc/usecase.png Graphic file (type png)
<use theme/uc/usecase.png>
Package pdftex.def Info: theme/uc/usecase.png  used on input line 32.
(pdftex.def)             Requested size: 16.40865pt x 11.0pt.
File: theme/uc/iu.png Graphic file (type png)
<use theme/uc/iu.png>
Package pdftex.def Info: theme/uc/iu.png  used on input line 32.
(pdftex.def)             Requested size: 11.09076pt x 10.0pt.
File: theme/uc/actor.png Graphic file (type png)
<use theme/uc/actor.png>
Package pdftex.def Info: theme/uc/actor.png  used on input line 33.
(pdftex.def)             Requested size: 14.26958pt x 11.0pt.
File: theme/uc/actor.png Graphic file (type png)
<use theme/uc/actor.png>
Package pdftex.def Info: theme/uc/actor.png  used on input line 40.
(pdftex.def)             Requested size: 14.26958pt x 11.0pt.
File: theme/uc/usecase.png Graphic file (type png)
<use theme/uc/usecase.png>
Package pdftex.def Info: theme/uc/usecase.png  used on input line 41.
(pdftex.def)             Requested size: 16.40865pt x 11.0pt.
File: theme/uc/usecase.png Graphic file (type png)
<use theme/uc/usecase.png>
Package pdftex.def Info: theme/uc/usecase.png  used on input line 42.
(pdftex.def)             Requested size: 16.40865pt x 11.0pt.
File: theme/uc/usecase.png Graphic file (type png)
<use theme/uc/usecase.png>
Package pdftex.def Info: theme/uc/usecase.png  used on input line 43.
(pdftex.def)             Requested size: 16.40865pt x 11.0pt.

Overfull \hbox (34.51215pt too wide) in paragraph at lines 43--44
[][] \OT1/txss/m/n/10 Guar-da la in-for-ma-ci[]on en la ba-se de da-tos (ta-bla
s \OT1/txtt/m/n/10 hecho[]victimal\OT1/txss/m/n/10 , \OT1/txtt/m/n/10 nna[]pade
cimientos\OT1/txss/m/n/10 , \OT1/txtt/m/n/10 tutores\OT1/txss/m/n/10 , \OT1/txt
t/m/n/10 documentos[]nna\OT1/txss/m/n/10 ,
 []

File: theme/uc/usecase.png Graphic file (type png)
<use theme/uc/usecase.png>
Package pdftex.def Info: theme/uc/usecase.png  used on input line 44.
(pdftex.def)             Requested size: 16.40865pt x 11.0pt.
File: theme/uc/usecase.png Graphic file (type png)
<use theme/uc/usecase.png>
Package pdftex.def Info: theme/uc/usecase.png  used on input line 49.
(pdftex.def)             Requested size: 16.40865pt x 11.0pt.
File: theme/uc/usecase.png Graphic file (type png)
<use theme/uc/usecase.png>
Package pdftex.def Info: theme/uc/usecase.png  used on input line 50.
(pdftex.def)             Requested size: 16.40865pt x 11.0pt.
File: theme/uc/usecase.png Graphic file (type png)
<use theme/uc/usecase.png>
Package pdftex.def Info: theme/uc/usecase.png  used on input line 54.
(pdftex.def)             Requested size: 16.40865pt x 11.0pt.
File: theme/uc/actor.png Graphic file (type png)
<use theme/uc/actor.png>
Package pdftex.def Info: theme/uc/actor.png  used on input line 55.
(pdftex.def)             Requested size: 14.26958pt x 11.0pt.
File: theme/uc/usecase.png Graphic file (type png)
<use theme/uc/usecase.png>
Package pdftex.def Info: theme/uc/usecase.png  used on input line 56.
(pdftex.def)             Requested size: 16.40865pt x 11.0pt.


File: theme/headerPar.png Graphic file (type png)
<use theme/headerPar.png>
Package pdftex.def Info: theme/headerPar.png  used on input line 59.
(pdftex.def)             Requested size: 210.00035pt x 35.0pt.
File: theme/plecaAyD.png Graphic file (type png)
<use theme/plecaAyD.png>
Package pdftex.def Info: theme/plecaAyD.png  used on input line 59.
(pdftex.def)             Requested size: 614.29208pt x 88.1067pt.
[50]
File: theme/uc/usecase.png Graphic file (type png)
<use theme/uc/usecase.png>
Package pdftex.def Info: theme/uc/usecase.png  used on input line 60.
(pdftex.def)             Requested size: 16.40865pt x 11.0pt.
File: theme/uc/actor.png Graphic file (type png)
<use theme/uc/actor.png>
Package pdftex.def Info: theme/uc/actor.png  used on input line 61.
(pdftex.def)             Requested size: 14.26958pt x 11.0pt.
File: theme/uc/usecase.png Graphic file (type png)
<use theme/uc/usecase.png>
Package pdftex.def Info: theme/uc/usecase.png  used on input line 62.
(pdftex.def)             Requested size: 16.40865pt x 11.0pt.
) (./cu/cu-09.tex

File: theme/headerInp.png Graphic file (type png)
<use theme/headerInp.png>
Package pdftex.def Info: theme/headerInp.png  used on input line 4.
(pdftex.def)             Requested size: 210.00035pt x 35.0pt.
File: theme/plecaAyD.png Graphic file (type png)
<use theme/plecaAyD.png>
Package pdftex.def Info: theme/plecaAyD.png  used on input line 4.
(pdftex.def)             Requested size: 614.29208pt x 88.1067pt.
[51]
File: theme/uc/default.png Graphic file (type png)
<use theme/uc/default.png>
Package pdftex.def Info: theme/uc/default.png  used on input line 4.
(pdftex.def)             Requested size: 550.53545pt x 33.9985pt.

Overfull \hbox (50.05145pt too wide) in paragraph at lines 4--4
[][] 
 []


Underfull \hbox (badness 10000) in paragraph at lines 26--26

 []

File: theme/uc/actor.png Graphic file (type png)
<use theme/uc/actor.png>
Package pdftex.def Info: theme/uc/actor.png  used on input line 27.
(pdftex.def)             Requested size: 14.26958pt x 11.0pt.
File: theme/uc/usecase.png Graphic file (type png)
<use theme/uc/usecase.png>
Package pdftex.def Info: theme/uc/usecase.png  used on input line 28.
(pdftex.def)             Requested size: 16.40865pt x 11.0pt.
File: theme/uc/iu.png Graphic file (type png)
<use theme/uc/iu.png>
Package pdftex.def Info: theme/uc/iu.png  used on input line 28.
(pdftex.def)             Requested size: 11.09076pt x 10.0pt.


File: theme/headerPar.png Graphic file (type png)
<use theme/headerPar.png>
Package pdftex.def Info: theme/headerPar.png  used on input line 29.
(pdftex.def)             Requested size: 210.00035pt x 35.0pt.
File: theme/plecaAyD.png Graphic file (type png)
<use theme/plecaAyD.png>
Package pdftex.def Info: theme/plecaAyD.png  used on input line 29.
(pdftex.def)             Requested size: 614.29208pt x 88.1067pt.
[52]
File: theme/uc/actor.png Graphic file (type png)
<use theme/uc/actor.png>
Package pdftex.def Info: theme/uc/actor.png  used on input line 29.
(pdftex.def)             Requested size: 14.26958pt x 11.0pt.
File: theme/uc/usecase.png Graphic file (type png)
<use theme/uc/usecase.png>
Package pdftex.def Info: theme/uc/usecase.png  used on input line 36.
(pdftex.def)             Requested size: 16.40865pt x 11.0pt.
File: theme/uc/actor.png Graphic file (type png)
<use theme/uc/actor.png>
Package pdftex.def Info: theme/uc/actor.png  used on input line 37.
(pdftex.def)             Requested size: 14.26958pt x 11.0pt.
File: theme/uc/usecase.png Graphic file (type png)
<use theme/uc/usecase.png>
Package pdftex.def Info: theme/uc/usecase.png  used on input line 38.
(pdftex.def)             Requested size: 16.40865pt x 11.0pt.
File: theme/uc/usecase.png Graphic file (type png)
<use theme/uc/usecase.png>
Package pdftex.def Info: theme/uc/usecase.png  used on input line 39.
(pdftex.def)             Requested size: 16.40865pt x 11.0pt.
File: theme/uc/usecase.png Graphic file (type png)
<use theme/uc/usecase.png>
Package pdftex.def Info: theme/uc/usecase.png  used on input line 40.
(pdftex.def)             Requested size: 16.40865pt x 11.0pt.
File: theme/uc/usecase.png Graphic file (type png)
<use theme/uc/usecase.png>
Package pdftex.def Info: theme/uc/usecase.png  used on input line 41.
(pdftex.def)             Requested size: 16.40865pt x 11.0pt.
File: theme/uc/usecase.png Graphic file (type png)
<use theme/uc/usecase.png>
Package pdftex.def Info: theme/uc/usecase.png  used on input line 42.
(pdftex.def)             Requested size: 16.40865pt x 11.0pt.
File: theme/uc/usecase.png Graphic file (type png)
<use theme/uc/usecase.png>
Package pdftex.def Info: theme/uc/usecase.png  used on input line 47.
(pdftex.def)             Requested size: 16.40865pt x 11.0pt.
File: theme/uc/actor.png Graphic file (type png)
<use theme/uc/actor.png>
Package pdftex.def Info: theme/uc/actor.png  used on input line 48.
(pdftex.def)             Requested size: 14.26958pt x 11.0pt.
File: theme/uc/usecase.png Graphic file (type png)
<use theme/uc/usecase.png>
Package pdftex.def Info: theme/uc/usecase.png  used on input line 49.
(pdftex.def)             Requested size: 16.40865pt x 11.0pt.
File: theme/uc/usecase.png Graphic file (type png)
<use theme/uc/usecase.png>
Package pdftex.def Info: theme/uc/usecase.png  used on input line 53.
(pdftex.def)             Requested size: 16.40865pt x 11.0pt.
File: theme/uc/actor.png Graphic file (type png)
<use theme/uc/actor.png>
Package pdftex.def Info: theme/uc/actor.png  used on input line 54.
(pdftex.def)             Requested size: 14.26958pt x 11.0pt.
File: theme/uc/usecase.png Graphic file (type png)
<use theme/uc/usecase.png>
Package pdftex.def Info: theme/uc/usecase.png  used on input line 55.
(pdftex.def)             Requested size: 16.40865pt x 11.0pt.
) (./cu/cu-10.tex

File: theme/headerInp.png Graphic file (type png)
<use theme/headerInp.png>
Package pdftex.def Info: theme/headerInp.png  used on input line 4.
(pdftex.def)             Requested size: 210.00035pt x 35.0pt.
File: theme/plecaAyD.png Graphic file (type png)
<use theme/plecaAyD.png>
Package pdftex.def Info: theme/plecaAyD.png  used on input line 4.
(pdftex.def)             Requested size: 614.29208pt x 88.1067pt.
[53]
File: theme/uc/default.png Graphic file (type png)
<use theme/uc/default.png>
Package pdftex.def Info: theme/uc/default.png  used on input line 4.
(pdftex.def)             Requested size: 550.53545pt x 33.9985pt.

Overfull \hbox (50.05145pt too wide) in paragraph at lines 4--4
[][] 
 []


Underfull \hbox (badness 10000) in paragraph at lines 27--27

 []



File: theme/headerPar.png Graphic file (type png)
<use theme/headerPar.png>
Package pdftex.def Info: theme/headerPar.png  used on input line 27.
(pdftex.def)             Requested size: 210.00035pt x 35.0pt.
File: theme/plecaAyD.png Graphic file (type png)
<use theme/plecaAyD.png>
Package pdftex.def Info: theme/plecaAyD.png  used on input line 27.
(pdftex.def)             Requested size: 614.29208pt x 88.1067pt.
[54]
File: theme/uc/actor.png Graphic file (type png)
<use theme/uc/actor.png>
Package pdftex.def Info: theme/uc/actor.png  used on input line 28.
(pdftex.def)             Requested size: 14.26958pt x 11.0pt.
File: theme/uc/iu.png Graphic file (type png)
<use theme/uc/iu.png>
Package pdftex.def Info: theme/uc/iu.png  used on input line 28.
(pdftex.def)             Requested size: 11.09076pt x 10.0pt.
File: theme/uc/usecase.png Graphic file (type png)
<use theme/uc/usecase.png>
Package pdftex.def Info: theme/uc/usecase.png  used on input line 29.
(pdftex.def)             Requested size: 16.40865pt x 11.0pt.
File: theme/uc/usecase.png Graphic file (type png)
<use theme/uc/usecase.png>
Package pdftex.def Info: theme/uc/usecase.png  used on input line 30.
(pdftex.def)             Requested size: 16.40865pt x 11.0pt.
File: theme/uc/actor.png Graphic file (type png)
<use theme/uc/actor.png>
Package pdftex.def Info: theme/uc/actor.png  used on input line 31.
(pdftex.def)             Requested size: 14.26958pt x 11.0pt.
File: theme/uc/actor.png Graphic file (type png)
<use theme/uc/actor.png>
Package pdftex.def Info: theme/uc/actor.png  used on input line 32.
(pdftex.def)             Requested size: 14.26958pt x 11.0pt.
File: theme/uc/actor.png Graphic file (type png)
<use theme/uc/actor.png>
Package pdftex.def Info: theme/uc/actor.png  used on input line 33.
(pdftex.def)             Requested size: 14.26958pt x 11.0pt.
File: theme/uc/actor.png Graphic file (type png)
<use theme/uc/actor.png>
Package pdftex.def Info: theme/uc/actor.png  used on input line 34.
(pdftex.def)             Requested size: 14.26958pt x 11.0pt.
File: theme/uc/actor.png Graphic file (type png)
<use theme/uc/actor.png>
Package pdftex.def Info: theme/uc/actor.png  used on input line 35.
(pdftex.def)             Requested size: 14.26958pt x 11.0pt.
File: theme/uc/usecase.png Graphic file (type png)
<use theme/uc/usecase.png>
Package pdftex.def Info: theme/uc/usecase.png  used on input line 36.
(pdftex.def)             Requested size: 16.40865pt x 11.0pt.
File: theme/uc/usecase.png Graphic file (type png)
<use theme/uc/usecase.png>
Package pdftex.def Info: theme/uc/usecase.png  used on input line 37.
(pdftex.def)             Requested size: 16.40865pt x 11.0pt.
File: theme/uc/usecase.png Graphic file (type png)
<use theme/uc/usecase.png>
Package pdftex.def Info: theme/uc/usecase.png  used on input line 38.
(pdftex.def)             Requested size: 16.40865pt x 11.0pt.
File: theme/uc/usecase.png Graphic file (type png)
<use theme/uc/usecase.png>
Package pdftex.def Info: theme/uc/usecase.png  used on input line 39.
(pdftex.def)             Requested size: 16.40865pt x 11.0pt.
File: theme/uc/usecase.png Graphic file (type png)
<use theme/uc/usecase.png>
Package pdftex.def Info: theme/uc/usecase.png  used on input line 44.
(pdftex.def)             Requested size: 16.40865pt x 11.0pt.
File: theme/uc/usecase.png Graphic file (type png)
<use theme/uc/usecase.png>
Package pdftex.def Info: theme/uc/usecase.png  used on input line 45.
(pdftex.def)             Requested size: 16.40865pt x 11.0pt.
File: theme/uc/usecase.png Graphic file (type png)
<use theme/uc/usecase.png>
Package pdftex.def Info: theme/uc/usecase.png  used on input line 46.
(pdftex.def)             Requested size: 16.40865pt x 11.0pt.
File: theme/uc/usecase.png Graphic file (type png)
<use theme/uc/usecase.png>
Package pdftex.def Info: theme/uc/usecase.png  used on input line 50.
(pdftex.def)             Requested size: 16.40865pt x 11.0pt.
File: theme/uc/actor.png Graphic file (type png)
<use theme/uc/actor.png>
Package pdftex.def Info: theme/uc/actor.png  used on input line 51.
(pdftex.def)             Requested size: 14.26958pt x 11.0pt.
File: theme/uc/usecase.png Graphic file (type png)
<use theme/uc/usecase.png>
Package pdftex.def Info: theme/uc/usecase.png  used on input line 52.
(pdftex.def)             Requested size: 16.40865pt x 11.0pt.
File: theme/uc/usecase.png Graphic file (type png)
<use theme/uc/usecase.png>
Package pdftex.def Info: theme/uc/usecase.png  used on input line 56.
(pdftex.def)             Requested size: 16.40865pt x 11.0pt.
File: theme/uc/actor.png Graphic file (type png)
<use theme/uc/actor.png>
Package pdftex.def Info: theme/uc/actor.png  used on input line 57.
(pdftex.def)             Requested size: 14.26958pt x 11.0pt.
File: theme/uc/usecase.png Graphic file (type png)
<use theme/uc/usecase.png>
Package pdftex.def Info: theme/uc/usecase.png  used on input line 58.
(pdftex.def)             Requested size: 16.40865pt x 11.0pt.


File: theme/headerInp.png Graphic file (type png)
<use theme/headerInp.png>
Package pdftex.def Info: theme/headerInp.png  used on input line 59.
(pdftex.def)             Requested size: 210.00035pt x 35.0pt.
File: theme/plecaAyD.png Graphic file (type png)
<use theme/plecaAyD.png>
Package pdftex.def Info: theme/plecaAyD.png  used on input line 59.
(pdftex.def)             Requested size: 614.29208pt x 88.1067pt.
[55]) (./cu/cu-11.tex

File: theme/headerPar.png Graphic file (type png)
<use theme/headerPar.png>
Package pdftex.def Info: theme/headerPar.png  used on input line 4.
(pdftex.def)             Requested size: 210.00035pt x 35.0pt.
File: theme/plecaAyD.png Graphic file (type png)
<use theme/plecaAyD.png>
Package pdftex.def Info: theme/plecaAyD.png  used on input line 4.
(pdftex.def)             Requested size: 614.29208pt x 88.1067pt.
[56]
File: theme/uc/default.png Graphic file (type png)
<use theme/uc/default.png>
Package pdftex.def Info: theme/uc/default.png  used on input line 4.
(pdftex.def)             Requested size: 550.53545pt x 33.9985pt.

Overfull \hbox (50.05145pt too wide) in paragraph at lines 4--4
[][] 
 []


Underfull \hbox (badness 10000) in paragraph at lines 27--27

 []



File: theme/headerInp.png Graphic file (type png)
<use theme/headerInp.png>
Package pdftex.def Info: theme/headerInp.png  used on input line 27.
(pdftex.def)             Requested size: 210.00035pt x 35.0pt.
File: theme/plecaAyD.png Graphic file (type png)
<use theme/plecaAyD.png>
Package pdftex.def Info: theme/plecaAyD.png  used on input line 27.
(pdftex.def)             Requested size: 614.29208pt x 88.1067pt.
[57]
File: theme/uc/actor.png Graphic file (type png)
<use theme/uc/actor.png>
Package pdftex.def Info: theme/uc/actor.png  used on input line 28.
(pdftex.def)             Requested size: 14.26958pt x 11.0pt.
File: theme/uc/iu.png Graphic file (type png)
<use theme/uc/iu.png>
Package pdftex.def Info: theme/uc/iu.png  used on input line 28.
(pdftex.def)             Requested size: 11.09076pt x 10.0pt.
File: theme/uc/usecase.png Graphic file (type png)
<use theme/uc/usecase.png>
Package pdftex.def Info: theme/uc/usecase.png  used on input line 29.
(pdftex.def)             Requested size: 16.40865pt x 11.0pt.
File: theme/uc/usecase.png Graphic file (type png)
<use theme/uc/usecase.png>
Package pdftex.def Info: theme/uc/usecase.png  used on input line 30.
(pdftex.def)             Requested size: 16.40865pt x 11.0pt.
File: theme/uc/actor.png Graphic file (type png)
<use theme/uc/actor.png>
Package pdftex.def Info: theme/uc/actor.png  used on input line 31.
(pdftex.def)             Requested size: 14.26958pt x 11.0pt.
File: theme/uc/actor.png Graphic file (type png)
<use theme/uc/actor.png>
Package pdftex.def Info: theme/uc/actor.png  used on input line 32.
(pdftex.def)             Requested size: 14.26958pt x 11.0pt.
File: theme/uc/actor.png Graphic file (type png)
<use theme/uc/actor.png>
Package pdftex.def Info: theme/uc/actor.png  used on input line 33.
(pdftex.def)             Requested size: 14.26958pt x 11.0pt.
File: theme/uc/actor.png Graphic file (type png)
<use theme/uc/actor.png>
Package pdftex.def Info: theme/uc/actor.png  used on input line 34.
(pdftex.def)             Requested size: 14.26958pt x 11.0pt.
File: theme/uc/actor.png Graphic file (type png)
<use theme/uc/actor.png>
Package pdftex.def Info: theme/uc/actor.png  used on input line 35.
(pdftex.def)             Requested size: 14.26958pt x 11.0pt.
File: theme/uc/actor.png Graphic file (type png)
<use theme/uc/actor.png>
Package pdftex.def Info: theme/uc/actor.png  used on input line 36.
(pdftex.def)             Requested size: 14.26958pt x 11.0pt.
File: theme/uc/usecase.png Graphic file (type png)
<use theme/uc/usecase.png>
Package pdftex.def Info: theme/uc/usecase.png  used on input line 37.
(pdftex.def)             Requested size: 16.40865pt x 11.0pt.
File: theme/uc/usecase.png Graphic file (type png)
<use theme/uc/usecase.png>
Package pdftex.def Info: theme/uc/usecase.png  used on input line 38.
(pdftex.def)             Requested size: 16.40865pt x 11.0pt.
File: theme/uc/usecase.png Graphic file (type png)
<use theme/uc/usecase.png>
Package pdftex.def Info: theme/uc/usecase.png  used on input line 39.
(pdftex.def)             Requested size: 16.40865pt x 11.0pt.
File: theme/uc/usecase.png Graphic file (type png)
<use theme/uc/usecase.png>
Package pdftex.def Info: theme/uc/usecase.png  used on input line 40.
(pdftex.def)             Requested size: 16.40865pt x 11.0pt.
File: theme/uc/usecase.png Graphic file (type png)
<use theme/uc/usecase.png>
Package pdftex.def Info: theme/uc/usecase.png  used on input line 45.
(pdftex.def)             Requested size: 16.40865pt x 11.0pt.
File: theme/uc/usecase.png Graphic file (type png)
<use theme/uc/usecase.png>
Package pdftex.def Info: theme/uc/usecase.png  used on input line 46.
(pdftex.def)             Requested size: 16.40865pt x 11.0pt.
File: theme/uc/usecase.png Graphic file (type png)
<use theme/uc/usecase.png>
Package pdftex.def Info: theme/uc/usecase.png  used on input line 47.
(pdftex.def)             Requested size: 16.40865pt x 11.0pt.
File: theme/uc/usecase.png Graphic file (type png)
<use theme/uc/usecase.png>
Package pdftex.def Info: theme/uc/usecase.png  used on input line 51.
(pdftex.def)             Requested size: 16.40865pt x 11.0pt.
File: theme/uc/actor.png Graphic file (type png)
<use theme/uc/actor.png>
Package pdftex.def Info: theme/uc/actor.png  used on input line 52.
(pdftex.def)             Requested size: 14.26958pt x 11.0pt.
File: theme/uc/usecase.png Graphic file (type png)
<use theme/uc/usecase.png>
Package pdftex.def Info: theme/uc/usecase.png  used on input line 53.
(pdftex.def)             Requested size: 16.40865pt x 11.0pt.
File: theme/uc/usecase.png Graphic file (type png)
<use theme/uc/usecase.png>
Package pdftex.def Info: theme/uc/usecase.png  used on input line 57.
(pdftex.def)             Requested size: 16.40865pt x 11.0pt.
File: theme/uc/actor.png Graphic file (type png)
<use theme/uc/actor.png>
Package pdftex.def Info: theme/uc/actor.png  used on input line 58.
(pdftex.def)             Requested size: 14.26958pt x 11.0pt.
File: theme/uc/usecase.png Graphic file (type png)
<use theme/uc/usecase.png>
Package pdftex.def Info: theme/uc/usecase.png  used on input line 59.
(pdftex.def)             Requested size: 16.40865pt x 11.0pt.
) (./cu/cu-12.tex

File: theme/headerPar.png Graphic file (type png)
<use theme/headerPar.png>
Package pdftex.def Info: theme/headerPar.png  used on input line 4.
(pdftex.def)             Requested size: 210.00035pt x 35.0pt.
File: theme/plecaAyD.png Graphic file (type png)
<use theme/plecaAyD.png>
Package pdftex.def Info: theme/plecaAyD.png  used on input line 4.
(pdftex.def)             Requested size: 614.29208pt x 88.1067pt.
[58]

File: theme/headerInp.png Graphic file (type png)
<use theme/headerInp.png>
Package pdftex.def Info: theme/headerInp.png  used on input line 4.
(pdftex.def)             Requested size: 210.00035pt x 35.0pt.
File: theme/plecaAyD.png Graphic file (type png)
<use theme/plecaAyD.png>
Package pdftex.def Info: theme/plecaAyD.png  used on input line 4.
(pdftex.def)             Requested size: 614.29208pt x 88.1067pt.
[59]
File: theme/uc/default.png Graphic file (type png)
<use theme/uc/default.png>
Package pdftex.def Info: theme/uc/default.png  used on input line 4.
(pdftex.def)             Requested size: 550.53545pt x 33.9985pt.

Overfull \hbox (50.05145pt too wide) in paragraph at lines 4--4
[][] 
 []


Underfull \hbox (badness 10000) in paragraph at lines 26--26

 []

File: theme/uc/actor.png Graphic file (type png)
<use theme/uc/actor.png>
Package pdftex.def Info: theme/uc/actor.png  used on input line 27.
(pdftex.def)             Requested size: 14.26958pt x 11.0pt.
File: theme/uc/iu.png Graphic file (type png)
<use theme/uc/iu.png>
Package pdftex.def Info: theme/uc/iu.png  used on input line 27.
(pdftex.def)             Requested size: 11.09076pt x 10.0pt.


File: theme/headerPar.png Graphic file (type png)
<use theme/headerPar.png>
Package pdftex.def Info: theme/headerPar.png  used on input line 28.
(pdftex.def)             Requested size: 210.00035pt x 35.0pt.
File: theme/plecaAyD.png Graphic file (type png)
<use theme/plecaAyD.png>
Package pdftex.def Info: theme/plecaAyD.png  used on input line 28.
(pdftex.def)             Requested size: 614.29208pt x 88.1067pt.
[60]
File: theme/uc/usecase.png Graphic file (type png)
<use theme/uc/usecase.png>
Package pdftex.def Info: theme/uc/usecase.png  used on input line 28.
(pdftex.def)             Requested size: 16.40865pt x 11.0pt.
File: theme/uc/usecase.png Graphic file (type png)
<use theme/uc/usecase.png>
Package pdftex.def Info: theme/uc/usecase.png  used on input line 29.
(pdftex.def)             Requested size: 16.40865pt x 11.0pt.
File: theme/uc/actor.png Graphic file (type png)
<use theme/uc/actor.png>
Package pdftex.def Info: theme/uc/actor.png  used on input line 30.
(pdftex.def)             Requested size: 14.26958pt x 11.0pt.
File: theme/uc/usecase.png Graphic file (type png)
<use theme/uc/usecase.png>
Package pdftex.def Info: theme/uc/usecase.png  used on input line 31.
(pdftex.def)             Requested size: 16.40865pt x 11.0pt.
File: theme/uc/actor.png Graphic file (type png)
<use theme/uc/actor.png>
Package pdftex.def Info: theme/uc/actor.png  used on input line 32.
(pdftex.def)             Requested size: 14.26958pt x 11.0pt.
File: theme/uc/actor.png Graphic file (type png)
<use theme/uc/actor.png>
Package pdftex.def Info: theme/uc/actor.png  used on input line 33.
(pdftex.def)             Requested size: 14.26958pt x 11.0pt.
File: theme/uc/actor.png Graphic file (type png)
<use theme/uc/actor.png>
Package pdftex.def Info: theme/uc/actor.png  used on input line 34.
(pdftex.def)             Requested size: 14.26958pt x 11.0pt.
File: theme/uc/usecase.png Graphic file (type png)
<use theme/uc/usecase.png>
Package pdftex.def Info: theme/uc/usecase.png  used on input line 35.
(pdftex.def)             Requested size: 16.40865pt x 11.0pt.
File: theme/uc/usecase.png Graphic file (type png)
<use theme/uc/usecase.png>
Package pdftex.def Info: theme/uc/usecase.png  used on input line 36.
(pdftex.def)             Requested size: 16.40865pt x 11.0pt.
File: theme/uc/usecase.png Graphic file (type png)
<use theme/uc/usecase.png>
Package pdftex.def Info: theme/uc/usecase.png  used on input line 37.
(pdftex.def)             Requested size: 16.40865pt x 11.0pt.
File: theme/uc/usecase.png Graphic file (type png)
<use theme/uc/usecase.png>
Package pdftex.def Info: theme/uc/usecase.png  used on input line 42.
(pdftex.def)             Requested size: 16.40865pt x 11.0pt.
File: theme/uc/usecase.png Graphic file (type png)
<use theme/uc/usecase.png>
Package pdftex.def Info: theme/uc/usecase.png  used on input line 43.
(pdftex.def)             Requested size: 16.40865pt x 11.0pt.
File: theme/uc/usecase.png Graphic file (type png)
<use theme/uc/usecase.png>
Package pdftex.def Info: theme/uc/usecase.png  used on input line 44.
(pdftex.def)             Requested size: 16.40865pt x 11.0pt.
File: theme/uc/usecase.png Graphic file (type png)
<use theme/uc/usecase.png>
Package pdftex.def Info: theme/uc/usecase.png  used on input line 48.
(pdftex.def)             Requested size: 16.40865pt x 11.0pt.
File: theme/uc/actor.png Graphic file (type png)
<use theme/uc/actor.png>
Package pdftex.def Info: theme/uc/actor.png  used on input line 49.
(pdftex.def)             Requested size: 14.26958pt x 11.0pt.
File: theme/uc/usecase.png Graphic file (type png)
<use theme/uc/usecase.png>
Package pdftex.def Info: theme/uc/usecase.png  used on input line 50.
(pdftex.def)             Requested size: 16.40865pt x 11.0pt.
) (./cu/cu-13.tex

File: theme/headerInp.png Graphic file (type png)
<use theme/headerInp.png>
Package pdftex.def Info: theme/headerInp.png  used on input line 4.
(pdftex.def)             Requested size: 210.00035pt x 35.0pt.
File: theme/plecaAyD.png Graphic file (type png)
<use theme/plecaAyD.png>
Package pdftex.def Info: theme/plecaAyD.png  used on input line 4.
(pdftex.def)             Requested size: 614.29208pt x 88.1067pt.
[61]
File: theme/uc/default.png Graphic file (type png)
<use theme/uc/default.png>
Package pdftex.def Info: theme/uc/default.png  used on input line 4.
(pdftex.def)             Requested size: 550.53545pt x 33.9985pt.

Overfull \hbox (50.05145pt too wide) in paragraph at lines 4--4
[][] 
 []


Underfull \hbox (badness 10000) in paragraph at lines 21--21

 []

File: theme/uc/actor.png Graphic file (type png)
<use theme/uc/actor.png>
Package pdftex.def Info: theme/uc/actor.png  used on input line 22.
(pdftex.def)             Requested size: 14.26958pt x 11.0pt.
File: theme/uc/iu.png Graphic file (type png)
<use theme/uc/iu.png>
Package pdftex.def Info: theme/uc/iu.png  used on input line 22.
(pdftex.def)             Requested size: 11.09076pt x 10.0pt.
File: theme/uc/usecase.png Graphic file (type png)
<use theme/uc/usecase.png>
Package pdftex.def Info: theme/uc/usecase.png  used on input line 23.
(pdftex.def)             Requested size: 16.40865pt x 11.0pt.
File: theme/uc/usecase.png Graphic file (type png)
<use theme/uc/usecase.png>
Package pdftex.def Info: theme/uc/usecase.png  used on input line 24.
(pdftex.def)             Requested size: 16.40865pt x 11.0pt.
File: theme/uc/usecase.png Graphic file (type png)
<use theme/uc/usecase.png>
Package pdftex.def Info: theme/uc/usecase.png  used on input line 25.
(pdftex.def)             Requested size: 16.40865pt x 11.0pt.


File: theme/headerPar.png Graphic file (type png)
<use theme/headerPar.png>
Package pdftex.def Info: theme/headerPar.png  used on input line 26.
(pdftex.def)             Requested size: 210.00035pt x 35.0pt.
File: theme/plecaAyD.png Graphic file (type png)
<use theme/plecaAyD.png>
Package pdftex.def Info: theme/plecaAyD.png  used on input line 26.
(pdftex.def)             Requested size: 614.29208pt x 88.1067pt.
[62]
File: theme/uc/actor.png Graphic file (type png)
<use theme/uc/actor.png>
Package pdftex.def Info: theme/uc/actor.png  used on input line 26.
(pdftex.def)             Requested size: 14.26958pt x 11.0pt.
File: theme/uc/iu.png Graphic file (type png)
<use theme/uc/iu.png>
Package pdftex.def Info: theme/uc/iu.png  used on input line 29.
(pdftex.def)             Requested size: 11.09076pt x 10.0pt.
) (./cu/cu-14.tex

File: theme/headerInp.png Graphic file (type png)
<use theme/headerInp.png>
Package pdftex.def Info: theme/headerInp.png  used on input line 4.
(pdftex.def)             Requested size: 210.00035pt x 35.0pt.
File: theme/plecaAyD.png Graphic file (type png)
<use theme/plecaAyD.png>
Package pdftex.def Info: theme/plecaAyD.png  used on input line 4.
(pdftex.def)             Requested size: 614.29208pt x 88.1067pt.
[63]
File: theme/uc/default.png Graphic file (type png)
<use theme/uc/default.png>
Package pdftex.def Info: theme/uc/default.png  used on input line 4.
(pdftex.def)             Requested size: 550.53545pt x 33.9985pt.

Overfull \hbox (50.05145pt too wide) in paragraph at lines 4--4
[][] 
 []


Underfull \hbox (badness 10000) in paragraph at lines 27--27

 []



File: theme/headerPar.png Graphic file (type png)
<use theme/headerPar.png>
Package pdftex.def Info: theme/headerPar.png  used on input line 27.
(pdftex.def)             Requested size: 210.00035pt x 35.0pt.
File: theme/plecaAyD.png Graphic file (type png)
<use theme/plecaAyD.png>
Package pdftex.def Info: theme/plecaAyD.png  used on input line 27.
(pdftex.def)             Requested size: 614.29208pt x 88.1067pt.
[64]
File: theme/uc/actor.png Graphic file (type png)
<use theme/uc/actor.png>
Package pdftex.def Info: theme/uc/actor.png  used on input line 28.
(pdftex.def)             Requested size: 14.26958pt x 11.0pt.
File: theme/uc/usecase.png Graphic file (type png)
<use theme/uc/usecase.png>
Package pdftex.def Info: theme/uc/usecase.png  used on input line 29.
(pdftex.def)             Requested size: 16.40865pt x 11.0pt.
File: theme/uc/usecase.png Graphic file (type png)
<use theme/uc/usecase.png>
Package pdftex.def Info: theme/uc/usecase.png  used on input line 30.
(pdftex.def)             Requested size: 16.40865pt x 11.0pt.
File: theme/uc/actor.png Graphic file (type png)
<use theme/uc/actor.png>
Package pdftex.def Info: theme/uc/actor.png  used on input line 31.
(pdftex.def)             Requested size: 14.26958pt x 11.0pt.
File: theme/uc/actor.png Graphic file (type png)
<use theme/uc/actor.png>
Package pdftex.def Info: theme/uc/actor.png  used on input line 32.
(pdftex.def)             Requested size: 14.26958pt x 11.0pt.
File: theme/uc/usecase.png Graphic file (type png)
<use theme/uc/usecase.png>
Package pdftex.def Info: theme/uc/usecase.png  used on input line 33.
(pdftex.def)             Requested size: 16.40865pt x 11.0pt.
File: theme/uc/usecase.png Graphic file (type png)
<use theme/uc/usecase.png>
Package pdftex.def Info: theme/uc/usecase.png  used on input line 34.
(pdftex.def)             Requested size: 16.40865pt x 11.0pt.
File: theme/uc/actor.png Graphic file (type png)
<use theme/uc/actor.png>
Package pdftex.def Info: theme/uc/actor.png  used on input line 35.
(pdftex.def)             Requested size: 14.26958pt x 11.0pt.
File: theme/uc/usecase.png Graphic file (type png)
<use theme/uc/usecase.png>
Package pdftex.def Info: theme/uc/usecase.png  used on input line 36.
(pdftex.def)             Requested size: 16.40865pt x 11.0pt.
File: theme/uc/actor.png Graphic file (type png)
<use theme/uc/actor.png>
Package pdftex.def Info: theme/uc/actor.png  used on input line 37.
(pdftex.def)             Requested size: 14.26958pt x 11.0pt.
File: theme/uc/usecase.png Graphic file (type png)
<use theme/uc/usecase.png>
Package pdftex.def Info: theme/uc/usecase.png  used on input line 38.
(pdftex.def)             Requested size: 16.40865pt x 11.0pt.
File: theme/uc/usecase.png Graphic file (type png)
<use theme/uc/usecase.png>
Package pdftex.def Info: theme/uc/usecase.png  used on input line 39.
(pdftex.def)             Requested size: 16.40865pt x 11.0pt.
File: theme/uc/usecase.png Graphic file (type png)
<use theme/uc/usecase.png>
Package pdftex.def Info: theme/uc/usecase.png  used on input line 40.
(pdftex.def)             Requested size: 16.40865pt x 11.0pt.
File: theme/uc/usecase.png Graphic file (type png)
<use theme/uc/usecase.png>
Package pdftex.def Info: theme/uc/usecase.png  used on input line 45.
(pdftex.def)             Requested size: 16.40865pt x 11.0pt.
File: theme/uc/actor.png Graphic file (type png)
<use theme/uc/actor.png>
Package pdftex.def Info: theme/uc/actor.png  used on input line 46.
(pdftex.def)             Requested size: 14.26958pt x 11.0pt.
File: theme/uc/usecase.png Graphic file (type png)
<use theme/uc/usecase.png>
Package pdftex.def Info: theme/uc/usecase.png  used on input line 47.
(pdftex.def)             Requested size: 16.40865pt x 11.0pt.
File: theme/uc/usecase.png Graphic file (type png)
<use theme/uc/usecase.png>
Package pdftex.def Info: theme/uc/usecase.png  used on input line 51.
(pdftex.def)             Requested size: 16.40865pt x 11.0pt.
File: theme/uc/actor.png Graphic file (type png)
<use theme/uc/actor.png>
Package pdftex.def Info: theme/uc/actor.png  used on input line 52.
(pdftex.def)             Requested size: 14.26958pt x 11.0pt.
File: theme/uc/usecase.png Graphic file (type png)
<use theme/uc/usecase.png>
Package pdftex.def Info: theme/uc/usecase.png  used on input line 53.
(pdftex.def)             Requested size: 16.40865pt x 11.0pt.
File: theme/uc/usecase.png Graphic file (type png)
<use theme/uc/usecase.png>
Package pdftex.def Info: theme/uc/usecase.png  used on input line 57.
(pdftex.def)             Requested size: 16.40865pt x 11.0pt.
File: theme/uc/actor.png Graphic file (type png)
<use theme/uc/actor.png>
Package pdftex.def Info: theme/uc/actor.png  used on input line 58.
(pdftex.def)             Requested size: 14.26958pt x 11.0pt.


File: theme/headerInp.png Graphic file (type png)
<use theme/headerInp.png>
Package pdftex.def Info: theme/headerInp.png  used on input line 59.
(pdftex.def)             Requested size: 210.00035pt x 35.0pt.
File: theme/plecaAyD.png Graphic file (type png)
<use theme/plecaAyD.png>
Package pdftex.def Info: theme/plecaAyD.png  used on input line 59.
(pdftex.def)             Requested size: 614.29208pt x 88.1067pt.
[65]
File: theme/uc/usecase.png Graphic file (type png)
<use theme/uc/usecase.png>
Package pdftex.def Info: theme/uc/usecase.png  used on input line 59.
(pdftex.def)             Requested size: 16.40865pt x 11.0pt.
) (./cu/cu-15.tex

File: theme/headerPar.png Graphic file (type png)
<use theme/headerPar.png>
Package pdftex.def Info: theme/headerPar.png  used on input line 4.
(pdftex.def)             Requested size: 210.00035pt x 35.0pt.
File: theme/plecaAyD.png Graphic file (type png)
<use theme/plecaAyD.png>
Package pdftex.def Info: theme/plecaAyD.png  used on input line 4.
(pdftex.def)             Requested size: 614.29208pt x 88.1067pt.
[66]
File: theme/uc/default.png Graphic file (type png)
<use theme/uc/default.png>
Package pdftex.def Info: theme/uc/default.png  used on input line 4.
(pdftex.def)             Requested size: 550.53545pt x 33.9985pt.

Overfull \hbox (50.05145pt too wide) in paragraph at lines 4--4
[][] 
 []


Underfull \hbox (badness 10000) in paragraph at lines 27--27

 []



File: theme/headerInp.png Graphic file (type png)
<use theme/headerInp.png>
Package pdftex.def Info: theme/headerInp.png  used on input line 28.
(pdftex.def)             Requested size: 210.00035pt x 35.0pt.
File: theme/plecaAyD.png Graphic file (type png)
<use theme/plecaAyD.png>
Package pdftex.def Info: theme/plecaAyD.png  used on input line 28.
(pdftex.def)             Requested size: 614.29208pt x 88.1067pt.
[67]
File: theme/uc/actor.png Graphic file (type png)
<use theme/uc/actor.png>
Package pdftex.def Info: theme/uc/actor.png  used on input line 28.
(pdftex.def)             Requested size: 14.26958pt x 11.0pt.

Overfull \hbox (10.80586pt too wide) in paragraph at lines 28--29
[][]  \OT1/txss/m/n/10 Ac-ce-de al ex-pe-dien-te del NNA des-de su pa-nel de ca
-sos asig-na-dos y se-lec-cio-na la pes-ta[]na  [][][][]
 []

File: theme/uc/usecase.png Graphic file (type png)
<use theme/uc/usecase.png>
Package pdftex.def Info: theme/uc/usecase.png  used on input line 29.
(pdftex.def)             Requested size: 16.40865pt x 11.0pt.
File: theme/uc/usecase.png Graphic file (type png)
<use theme/uc/usecase.png>
Package pdftex.def Info: theme/uc/usecase.png  used on input line 30.
(pdftex.def)             Requested size: 16.40865pt x 11.0pt.
File: theme/uc/actor.png Graphic file (type png)
<use theme/uc/actor.png>
Package pdftex.def Info: theme/uc/actor.png  used on input line 31.
(pdftex.def)             Requested size: 14.26958pt x 11.0pt.
File: theme/uc/usecase.png Graphic file (type png)
<use theme/uc/usecase.png>
Package pdftex.def Info: theme/uc/usecase.png  used on input line 32.
(pdftex.def)             Requested size: 16.40865pt x 11.0pt.
File: theme/uc/actor.png Graphic file (type png)
<use theme/uc/actor.png>
Package pdftex.def Info: theme/uc/actor.png  used on input line 33.
(pdftex.def)             Requested size: 14.26958pt x 11.0pt.
File: theme/uc/actor.png Graphic file (type png)
<use theme/uc/actor.png>
Package pdftex.def Info: theme/uc/actor.png  used on input line 34.
(pdftex.def)             Requested size: 14.26958pt x 11.0pt.
File: theme/uc/usecase.png Graphic file (type png)
<use theme/uc/usecase.png>
Package pdftex.def Info: theme/uc/usecase.png  used on input line 35.
(pdftex.def)             Requested size: 16.40865pt x 11.0pt.
File: theme/uc/usecase.png Graphic file (type png)
<use theme/uc/usecase.png>
Package pdftex.def Info: theme/uc/usecase.png  used on input line 36.
(pdftex.def)             Requested size: 16.40865pt x 11.0pt.
File: theme/uc/usecase.png Graphic file (type png)
<use theme/uc/usecase.png>
Package pdftex.def Info: theme/uc/usecase.png  used on input line 37.
(pdftex.def)             Requested size: 16.40865pt x 11.0pt.
File: theme/uc/usecase.png Graphic file (type png)
<use theme/uc/usecase.png>
Package pdftex.def Info: theme/uc/usecase.png  used on input line 38.
(pdftex.def)             Requested size: 16.40865pt x 11.0pt.
File: theme/uc/usecase.png Graphic file (type png)
<use theme/uc/usecase.png>
Package pdftex.def Info: theme/uc/usecase.png  used on input line 39.
(pdftex.def)             Requested size: 16.40865pt x 11.0pt.
File: theme/uc/usecase.png Graphic file (type png)
<use theme/uc/usecase.png>
Package pdftex.def Info: theme/uc/usecase.png  used on input line 44.
(pdftex.def)             Requested size: 16.40865pt x 11.0pt.
File: theme/uc/usecase.png Graphic file (type png)
<use theme/uc/usecase.png>
Package pdftex.def Info: theme/uc/usecase.png  used on input line 45.
(pdftex.def)             Requested size: 16.40865pt x 11.0pt.
File: theme/uc/usecase.png Graphic file (type png)
<use theme/uc/usecase.png>
Package pdftex.def Info: theme/uc/usecase.png  used on input line 49.
(pdftex.def)             Requested size: 16.40865pt x 11.0pt.
File: theme/uc/actor.png Graphic file (type png)
<use theme/uc/actor.png>
Package pdftex.def Info: theme/uc/actor.png  used on input line 50.
(pdftex.def)             Requested size: 14.26958pt x 11.0pt.
File: theme/uc/usecase.png Graphic file (type png)
<use theme/uc/usecase.png>
Package pdftex.def Info: theme/uc/usecase.png  used on input line 51.
(pdftex.def)             Requested size: 16.40865pt x 11.0pt.
File: theme/uc/usecase.png Graphic file (type png)
<use theme/uc/usecase.png>
Package pdftex.def Info: theme/uc/usecase.png  used on input line 55.
(pdftex.def)             Requested size: 16.40865pt x 11.0pt.
File: theme/uc/actor.png Graphic file (type png)
<use theme/uc/actor.png>
Package pdftex.def Info: theme/uc/actor.png  used on input line 56.
(pdftex.def)             Requested size: 14.26958pt x 11.0pt.
File: theme/uc/usecase.png Graphic file (type png)
<use theme/uc/usecase.png>
Package pdftex.def Info: theme/uc/usecase.png  used on input line 57.
(pdftex.def)             Requested size: 16.40865pt x 11.0pt.
) (./cu/cu-16.tex

File: theme/headerPar.png Graphic file (type png)
<use theme/headerPar.png>
Package pdftex.def Info: theme/headerPar.png  used on input line 4.
(pdftex.def)             Requested size: 210.00035pt x 35.0pt.
File: theme/plecaAyD.png Graphic file (type png)
<use theme/plecaAyD.png>
Package pdftex.def Info: theme/plecaAyD.png  used on input line 4.
(pdftex.def)             Requested size: 614.29208pt x 88.1067pt.
[68]

File: theme/headerInp.png Graphic file (type png)
<use theme/headerInp.png>
Package pdftex.def Info: theme/headerInp.png  used on input line 4.
(pdftex.def)             Requested size: 210.00035pt x 35.0pt.
File: theme/plecaAyD.png Graphic file (type png)
<use theme/plecaAyD.png>
Package pdftex.def Info: theme/plecaAyD.png  used on input line 4.
(pdftex.def)             Requested size: 614.29208pt x 88.1067pt.
[69]
File: theme/uc/default.png Graphic file (type png)
<use theme/uc/default.png>
Package pdftex.def Info: theme/uc/default.png  used on input line 4.
(pdftex.def)             Requested size: 550.53545pt x 33.9985pt.

Overfull \hbox (50.05145pt too wide) in paragraph at lines 4--4
[][] 
 []


Underfull \hbox (badness 10000) in paragraph at lines 26--26

 []



File: theme/headerPar.png Graphic file (type png)
<use theme/headerPar.png>
Package pdftex.def Info: theme/headerPar.png  used on input line 26.
(pdftex.def)             Requested size: 210.00035pt x 35.0pt.
File: theme/plecaAyD.png Graphic file (type png)
<use theme/plecaAyD.png>
Package pdftex.def Info: theme/plecaAyD.png  used on input line 26.
(pdftex.def)             Requested size: 614.29208pt x 88.1067pt.
[70]
File: theme/uc/actor.png Graphic file (type png)
<use theme/uc/actor.png>
Package pdftex.def Info: theme/uc/actor.png  used on input line 27.
(pdftex.def)             Requested size: 14.26958pt x 11.0pt.
File: theme/uc/usecase.png Graphic file (type png)
<use theme/uc/usecase.png>
Package pdftex.def Info: theme/uc/usecase.png  used on input line 28.
(pdftex.def)             Requested size: 16.40865pt x 11.0pt.
File: theme/uc/usecase.png Graphic file (type png)
<use theme/uc/usecase.png>
Package pdftex.def Info: theme/uc/usecase.png  used on input line 29.
(pdftex.def)             Requested size: 16.40865pt x 11.0pt.
File: theme/uc/actor.png Graphic file (type png)
<use theme/uc/actor.png>
Package pdftex.def Info: theme/uc/actor.png  used on input line 30.
(pdftex.def)             Requested size: 14.26958pt x 11.0pt.
File: theme/uc/actor.png Graphic file (type png)
<use theme/uc/actor.png>
Package pdftex.def Info: theme/uc/actor.png  used on input line 31.
(pdftex.def)             Requested size: 14.26958pt x 11.0pt.
File: theme/uc/usecase.png Graphic file (type png)
<use theme/uc/usecase.png>
Package pdftex.def Info: theme/uc/usecase.png  used on input line 32.
(pdftex.def)             Requested size: 16.40865pt x 11.0pt.
File: theme/uc/usecase.png Graphic file (type png)
<use theme/uc/usecase.png>
Package pdftex.def Info: theme/uc/usecase.png  used on input line 33.
(pdftex.def)             Requested size: 16.40865pt x 11.0pt.
File: theme/uc/usecase.png Graphic file (type png)
<use theme/uc/usecase.png>
Package pdftex.def Info: theme/uc/usecase.png  used on input line 34.
(pdftex.def)             Requested size: 16.40865pt x 11.0pt.
File: theme/uc/usecase.png Graphic file (type png)
<use theme/uc/usecase.png>
Package pdftex.def Info: theme/uc/usecase.png  used on input line 35.
(pdftex.def)             Requested size: 16.40865pt x 11.0pt.
File: theme/uc/usecase.png Graphic file (type png)
<use theme/uc/usecase.png>
Package pdftex.def Info: theme/uc/usecase.png  used on input line 40.
(pdftex.def)             Requested size: 16.40865pt x 11.0pt.
File: theme/uc/usecase.png Graphic file (type png)
<use theme/uc/usecase.png>
Package pdftex.def Info: theme/uc/usecase.png  used on input line 41.
(pdftex.def)             Requested size: 16.40865pt x 11.0pt.
File: theme/uc/usecase.png Graphic file (type png)
<use theme/uc/usecase.png>
Package pdftex.def Info: theme/uc/usecase.png  used on input line 45.
(pdftex.def)             Requested size: 16.40865pt x 11.0pt.
File: theme/uc/actor.png Graphic file (type png)
<use theme/uc/actor.png>
Package pdftex.def Info: theme/uc/actor.png  used on input line 46.
(pdftex.def)             Requested size: 14.26958pt x 11.0pt.
File: theme/uc/usecase.png Graphic file (type png)
<use theme/uc/usecase.png>
Package pdftex.def Info: theme/uc/usecase.png  used on input line 47.
(pdftex.def)             Requested size: 16.40865pt x 11.0pt.
) (./cu/cu-17.tex

File: theme/headerInp.png Graphic file (type png)
<use theme/headerInp.png>
Package pdftex.def Info: theme/headerInp.png  used on input line 4.
(pdftex.def)             Requested size: 210.00035pt x 35.0pt.
File: theme/plecaAyD.png Graphic file (type png)
<use theme/plecaAyD.png>
Package pdftex.def Info: theme/plecaAyD.png  used on input line 4.
(pdftex.def)             Requested size: 614.29208pt x 88.1067pt.
[71]
File: theme/uc/default.png Graphic file (type png)
<use theme/uc/default.png>
Package pdftex.def Info: theme/uc/default.png  used on input line 4.
(pdftex.def)             Requested size: 550.53545pt x 33.9985pt.

Overfull \hbox (50.05145pt too wide) in paragraph at lines 4--4
[][] 
 []


Underfull \hbox (badness 10000) in paragraph at lines 25--25

 []

File: theme/uc/actor.png Graphic file (type png)
<use theme/uc/actor.png>
Package pdftex.def Info: theme/uc/actor.png  used on input line 26.
(pdftex.def)             Requested size: 14.26958pt x 11.0pt.
File: theme/uc/usecase.png Graphic file (type png)
<use theme/uc/usecase.png>
Package pdftex.def Info: theme/uc/usecase.png  used on input line 27.
(pdftex.def)             Requested size: 16.40865pt x 11.0pt.


File: theme/headerPar.png Graphic file (type png)
<use theme/headerPar.png>
Package pdftex.def Info: theme/headerPar.png  used on input line 28.
(pdftex.def)             Requested size: 210.00035pt x 35.0pt.
File: theme/plecaAyD.png Graphic file (type png)
<use theme/plecaAyD.png>
Package pdftex.def Info: theme/plecaAyD.png  used on input line 28.
(pdftex.def)             Requested size: 614.29208pt x 88.1067pt.
[72]
File: theme/uc/actor.png Graphic file (type png)
<use theme/uc/actor.png>
Package pdftex.def Info: theme/uc/actor.png  used on input line 28.
(pdftex.def)             Requested size: 14.26958pt x 11.0pt.
File: theme/uc/actor.png Graphic file (type png)
<use theme/uc/actor.png>
Package pdftex.def Info: theme/uc/actor.png  used on input line 29.
(pdftex.def)             Requested size: 14.26958pt x 11.0pt.
File: theme/uc/usecase.png Graphic file (type png)
<use theme/uc/usecase.png>
Package pdftex.def Info: theme/uc/usecase.png  used on input line 30.
(pdftex.def)             Requested size: 16.40865pt x 11.0pt.
File: theme/uc/usecase.png Graphic file (type png)
<use theme/uc/usecase.png>
Package pdftex.def Info: theme/uc/usecase.png  used on input line 31.
(pdftex.def)             Requested size: 16.40865pt x 11.0pt.
File: theme/uc/usecase.png Graphic file (type png)
<use theme/uc/usecase.png>
Package pdftex.def Info: theme/uc/usecase.png  used on input line 32.
(pdftex.def)             Requested size: 16.40865pt x 11.0pt.
File: theme/uc/usecase.png Graphic file (type png)
<use theme/uc/usecase.png>
Package pdftex.def Info: theme/uc/usecase.png  used on input line 37.
(pdftex.def)             Requested size: 16.40865pt x 11.0pt.
File: theme/uc/actor.png Graphic file (type png)
<use theme/uc/actor.png>
Package pdftex.def Info: theme/uc/actor.png  used on input line 38.
(pdftex.def)             Requested size: 14.26958pt x 11.0pt.
File: theme/uc/usecase.png Graphic file (type png)
<use theme/uc/usecase.png>
Package pdftex.def Info: theme/uc/usecase.png  used on input line 39.
(pdftex.def)             Requested size: 16.40865pt x 11.0pt.
) (./cu/cu-18.tex

File: theme/headerInp.png Graphic file (type png)
<use theme/headerInp.png>
Package pdftex.def Info: theme/headerInp.png  used on input line 4.
(pdftex.def)             Requested size: 210.00035pt x 35.0pt.
File: theme/plecaAyD.png Graphic file (type png)
<use theme/plecaAyD.png>
Package pdftex.def Info: theme/plecaAyD.png  used on input line 4.
(pdftex.def)             Requested size: 614.29208pt x 88.1067pt.
[73]
File: theme/uc/default.png Graphic file (type png)
<use theme/uc/default.png>
Package pdftex.def Info: theme/uc/default.png  used on input line 4.
(pdftex.def)             Requested size: 550.53545pt x 33.9985pt.

Overfull \hbox (50.05145pt too wide) in paragraph at lines 4--4
[][] 
 []


Underfull \hbox (badness 10000) in paragraph at lines 26--26

 []

File: theme/uc/actor.png Graphic file (type png)
<use theme/uc/actor.png>
Package pdftex.def Info: theme/uc/actor.png  used on input line 27.
(pdftex.def)             Requested size: 14.26958pt x 11.0pt.


File: theme/headerPar.png Graphic file (type png)
<use theme/headerPar.png>
Package pdftex.def Info: theme/headerPar.png  used on input line 28.
(pdftex.def)             Requested size: 210.00035pt x 35.0pt.
File: theme/plecaAyD.png Graphic file (type png)
<use theme/plecaAyD.png>
Package pdftex.def Info: theme/plecaAyD.png  used on input line 28.
(pdftex.def)             Requested size: 614.29208pt x 88.1067pt.
[74]
File: theme/uc/usecase.png Graphic file (type png)
<use theme/uc/usecase.png>
Package pdftex.def Info: theme/uc/usecase.png  used on input line 28.
(pdftex.def)             Requested size: 16.40865pt x 11.0pt.
File: theme/uc/usecase.png Graphic file (type png)
<use theme/uc/usecase.png>
Package pdftex.def Info: theme/uc/usecase.png  used on input line 29.
(pdftex.def)             Requested size: 16.40865pt x 11.0pt.
File: theme/uc/actor.png Graphic file (type png)
<use theme/uc/actor.png>
Package pdftex.def Info: theme/uc/actor.png  used on input line 30.
(pdftex.def)             Requested size: 14.26958pt x 11.0pt.
File: theme/uc/usecase.png Graphic file (type png)
<use theme/uc/usecase.png>
Package pdftex.def Info: theme/uc/usecase.png  used on input line 31.
(pdftex.def)             Requested size: 16.40865pt x 11.0pt.
File: theme/uc/actor.png Graphic file (type png)
<use theme/uc/actor.png>
Package pdftex.def Info: theme/uc/actor.png  used on input line 32.
(pdftex.def)             Requested size: 14.26958pt x 11.0pt.
File: theme/uc/usecase.png Graphic file (type png)
<use theme/uc/usecase.png>
Package pdftex.def Info: theme/uc/usecase.png  used on input line 33.
(pdftex.def)             Requested size: 16.40865pt x 11.0pt.
File: theme/uc/actor.png Graphic file (type png)
<use theme/uc/actor.png>
Package pdftex.def Info: theme/uc/actor.png  used on input line 34.
(pdftex.def)             Requested size: 14.26958pt x 11.0pt.
File: theme/uc/usecase.png Graphic file (type png)
<use theme/uc/usecase.png>
Package pdftex.def Info: theme/uc/usecase.png  used on input line 35.
(pdftex.def)             Requested size: 16.40865pt x 11.0pt.
File: theme/uc/usecase.png Graphic file (type png)
<use theme/uc/usecase.png>
Package pdftex.def Info: theme/uc/usecase.png  used on input line 36.
(pdftex.def)             Requested size: 16.40865pt x 11.0pt.
File: theme/uc/usecase.png Graphic file (type png)
<use theme/uc/usecase.png>
Package pdftex.def Info: theme/uc/usecase.png  used on input line 37.
(pdftex.def)             Requested size: 16.40865pt x 11.0pt.
File: theme/uc/usecase.png Graphic file (type png)
<use theme/uc/usecase.png>
Package pdftex.def Info: theme/uc/usecase.png  used on input line 42.
(pdftex.def)             Requested size: 16.40865pt x 11.0pt.
File: theme/uc/actor.png Graphic file (type png)
<use theme/uc/actor.png>
Package pdftex.def Info: theme/uc/actor.png  used on input line 43.
(pdftex.def)             Requested size: 14.26958pt x 11.0pt.
File: theme/uc/usecase.png Graphic file (type png)
<use theme/uc/usecase.png>
Package pdftex.def Info: theme/uc/usecase.png  used on input line 44.
(pdftex.def)             Requested size: 16.40865pt x 11.0pt.
File: theme/uc/usecase.png Graphic file (type png)
<use theme/uc/usecase.png>
Package pdftex.def Info: theme/uc/usecase.png  used on input line 48.
(pdftex.def)             Requested size: 16.40865pt x 11.0pt.
File: theme/uc/usecase.png Graphic file (type png)
<use theme/uc/usecase.png>
Package pdftex.def Info: theme/uc/usecase.png  used on input line 49.
(pdftex.def)             Requested size: 16.40865pt x 11.0pt.
))

File: theme/headerInp.png Graphic file (type png)
<use theme/headerInp.png>
Package pdftex.def Info: theme/headerInp.png  used on input line 43.
(pdftex.def)             Requested size: 210.00035pt x 35.0pt.
File: theme/plecaAyD.png Graphic file (type png)
<use theme/plecaAyD.png>
Package pdftex.def Info: theme/plecaAyD.png  used on input line 43.
(pdftex.def)             Requested size: 614.29208pt x 88.1067pt.
[75]
\openout2 = `5ModeloDeInteraccion.aux'.

 (./5ModeloDeInteraccion.tex

File: theme/headerPar.png Graphic file (type png)
<use theme/headerPar.png>
Package pdftex.def Info: theme/headerPar.png  used on input line 2.
(pdftex.def)             Requested size: 210.00035pt x 35.0pt.
File: theme/plecaAyD.png Graphic file (type png)
<use theme/plecaAyD.png>
Package pdftex.def Info: theme/plecaAyD.png  used on input line 2.
(pdftex.def)             Requested size: 614.29208pt x 88.1067pt.
[76




]
Cap\'{\i }tulo 5.
<images/mapa_navegacion_taimotla.png, id=2033, 1003.75pt x 602.25pt>
File: images/mapa_navegacion_taimotla.png Graphic file (type png)
<use images/mapa_navegacion_taimotla.png>
Package pdftex.def Info: images/mapa_navegacion_taimotla.png  used on input lin
e 14.
(pdftex.def)             Requested size: 450.43253pt x 270.26563pt.
(./iu/iu23.tex
File: theme/uc/iu.png Graphic file (type png)
<use theme/uc/iu.png>
Package pdftex.def Info: theme/uc/iu.png  used on input line 8.
(pdftex.def)             Requested size: 11.09076pt x 10.0pt.
<images/Login.png, id=2036, 354.32375pt x 252.945pt>
File: images/Login.png Graphic file (type png)
<use images/Login.png>
Package pdftex.def Info: images/Login.png  used on input line 10.
(pdftex.def)             Requested size: 225.21626pt x 160.7804pt.


File: theme/plecaAyD.png Graphic file (type png)
<use theme/plecaAyD.png>
Package pdftex.def Info: theme/plecaAyD.png  used on input line 16.
(pdftex.def)             Requested size: 614.29208pt x 88.1067pt.
[77]

File: theme/headerPar.png Graphic file (type png)
<use theme/headerPar.png>
Package pdftex.def Info: theme/headerPar.png  used on input line 16.
(pdftex.def)             Requested size: 210.00035pt x 35.0pt.
File: theme/plecaAyD.png Graphic file (type png)
<use theme/plecaAyD.png>
Package pdftex.def Info: theme/plecaAyD.png  used on input line 16.
(pdftex.def)             Requested size: 614.29208pt x 88.1067pt.
[78 <./images/mapa_navegacion_taimotla.png (PNG copy)>]) (./iu/iu24.tex

File: theme/headerInp.png Graphic file (type png)
<use theme/headerInp.png>
Package pdftex.def Info: theme/headerInp.png  used on input line 4.
(pdftex.def)             Requested size: 210.00035pt x 35.0pt.
File: theme/plecaAyD.png Graphic file (type png)
<use theme/plecaAyD.png>
Package pdftex.def Info: theme/plecaAyD.png  used on input line 4.
(pdftex.def)             Requested size: 614.29208pt x 88.1067pt.
[79 <./images/Login.png>]
File: theme/uc/iu.png Graphic file (type png)
<use theme/uc/iu.png>
Package pdftex.def Info: theme/uc/iu.png  used on input line 8.
(pdftex.def)             Requested size: 11.09076pt x 10.0pt.
<images/default.png, id=2055, 926.46124pt x 57.21375pt>
File: images/default.png Graphic file (type png)
<use images/default.png>
Package pdftex.def Info: images/default.png  used on input line 11.
(pdftex.def)             Requested size: 275.26772pt x 16.99925pt.
) (./iu/iu25.tex

File: theme/headerPar.png Graphic file (type png)
<use theme/headerPar.png>
Package pdftex.def Info: theme/headerPar.png  used on input line 7.
(pdftex.def)             Requested size: 210.00035pt x 35.0pt.
File: theme/plecaAyD.png Graphic file (type png)
<use theme/plecaAyD.png>
Package pdftex.def Info: theme/plecaAyD.png  used on input line 7.
(pdftex.def)             Requested size: 614.29208pt x 88.1067pt.
[80 <./images/default.png>]
File: theme/uc/iu.png Graphic file (type png)
<use theme/uc/iu.png>
Package pdftex.def Info: theme/uc/iu.png  used on input line 8.
(pdftex.def)             Requested size: 11.09076pt x 10.0pt.
File: images/default.png Graphic file (type png)
<use images/default.png>
Package pdftex.def Info: images/default.png  used on input line 15.
(pdftex.def)             Requested size: 275.26772pt x 16.99925pt.
LaTeX Font Info:    Font shape `OT1/txss/m/n' will be
(Font)              scaled to size 6.64998pt on input line 31.
) (./iu/iu26.tex

File: theme/headerInp.png Graphic file (type png)
<use theme/headerInp.png>
Package pdftex.def Info: theme/headerInp.png  used on input line 4.
(pdftex.def)             Requested size: 210.00035pt x 35.0pt.
File: theme/plecaAyD.png Graphic file (type png)
<use theme/plecaAyD.png>
Package pdftex.def Info: theme/plecaAyD.png  used on input line 4.
(pdftex.def)             Requested size: 614.29208pt x 88.1067pt.
[81]
File: theme/uc/iu.png Graphic file (type png)
<use theme/uc/iu.png>
Package pdftex.def Info: theme/uc/iu.png  used on input line 8.
(pdftex.def)             Requested size: 11.09076pt x 10.0pt.
File: images/default.png Graphic file (type png)
<use images/default.png>
Package pdftex.def Info: images/default.png  used on input line 17.
(pdftex.def)             Requested size: 275.26772pt x 16.99925pt.


File: theme/headerPar.png Graphic file (type png)
<use theme/headerPar.png>
Package pdftex.def Info: theme/headerPar.png  used on input line 36.
(pdftex.def)             Requested size: 210.00035pt x 35.0pt.
File: theme/plecaAyD.png Graphic file (type png)
<use theme/plecaAyD.png>
Package pdftex.def Info: theme/plecaAyD.png  used on input line 36.
(pdftex.def)             Requested size: 614.29208pt x 88.1067pt.
[82]) (./iu/iu27.tex
File: theme/uc/iu.png Graphic file (type png)
<use theme/uc/iu.png>
Package pdftex.def Info: theme/uc/iu.png  used on input line 8.
(pdftex.def)             Requested size: 11.09076pt x 10.0pt.
File: images/default.png Graphic file (type png)
<use images/default.png>
Package pdftex.def Info: images/default.png  used on input line 18.
(pdftex.def)             Requested size: 275.26772pt x 16.99925pt.


File: theme/headerInp.png Graphic file (type png)
<use theme/headerInp.png>
Package pdftex.def Info: theme/headerInp.png  used on input line 24.
(pdftex.def)             Requested size: 210.00035pt x 35.0pt.
File: theme/plecaAyD.png Graphic file (type png)
<use theme/plecaAyD.png>
Package pdftex.def Info: theme/plecaAyD.png  used on input line 24.
(pdftex.def)             Requested size: 614.29208pt x 88.1067pt.
[83]) (./iu/iu28.tex
File: theme/uc/iu.png Graphic file (type png)
<use theme/uc/iu.png>
Package pdftex.def Info: theme/uc/iu.png  used on input line 8.
(pdftex.def)             Requested size: 11.09076pt x 10.0pt.
File: images/default.png Graphic file (type png)
<use images/default.png>
Package pdftex.def Info: images/default.png  used on input line 20.
(pdftex.def)             Requested size: 275.26772pt x 16.99925pt.


File: theme/headerPar.png Graphic file (type png)
<use theme/headerPar.png>
Package pdftex.def Info: theme/headerPar.png  used on input line 20.
(pdftex.def)             Requested size: 210.00035pt x 35.0pt.
File: theme/plecaAyD.png Graphic file (type png)
<use theme/plecaAyD.png>
Package pdftex.def Info: theme/plecaAyD.png  used on input line 20.
(pdftex.def)             Requested size: 614.29208pt x 88.1067pt.
[84]) (./iu/iu29.tex
File: theme/uc/iu.png Graphic file (type png)
<use theme/uc/iu.png>
Package pdftex.def Info: theme/uc/iu.png  used on input line 8.
(pdftex.def)             Requested size: 11.09076pt x 10.0pt.


File: theme/headerInp.png Graphic file (type png)
<use theme/headerInp.png>
Package pdftex.def Info: theme/headerInp.png  used on input line 10.
(pdftex.def)             Requested size: 210.00035pt x 35.0pt.
File: theme/plecaAyD.png Graphic file (type png)
<use theme/plecaAyD.png>
Package pdftex.def Info: theme/plecaAyD.png  used on input line 10.
(pdftex.def)             Requested size: 614.29208pt x 88.1067pt.
[85]
File: images/default.png Graphic file (type png)
<use images/default.png>
Package pdftex.def Info: images/default.png  used on input line 20.
(pdftex.def)             Requested size: 225.21626pt x 13.90791pt.
) (./iu/iu30.tex
File: theme/uc/iu.png Graphic file (type png)
<use theme/uc/iu.png>
Package pdftex.def Info: theme/uc/iu.png  used on input line 8.
(pdftex.def)             Requested size: 11.09076pt x 10.0pt.


File: theme/headerPar.png Graphic file (type png)
<use theme/headerPar.png>
Package pdftex.def Info: theme/headerPar.png  used on input line 10.
(pdftex.def)             Requested size: 210.00035pt x 35.0pt.
File: theme/plecaAyD.png Graphic file (type png)
<use theme/plecaAyD.png>
Package pdftex.def Info: theme/plecaAyD.png  used on input line 10.
(pdftex.def)             Requested size: 614.29208pt x 88.1067pt.
[86]
File: images/default.png Graphic file (type png)
<use images/default.png>
Package pdftex.def Info: images/default.png  used on input line 15.
(pdftex.def)             Requested size: 275.26772pt x 16.99925pt.
) (./iu/iu31.tex

File: theme/headerInp.png Graphic file (type png)
<use theme/headerInp.png>
Package pdftex.def Info: theme/headerInp.png  used on input line 4.
(pdftex.def)             Requested size: 210.00035pt x 35.0pt.
File: theme/plecaAyD.png Graphic file (type png)
<use theme/plecaAyD.png>
Package pdftex.def Info: theme/plecaAyD.png  used on input line 4.
(pdftex.def)             Requested size: 614.29208pt x 88.1067pt.
[87]
File: theme/uc/iu.png Graphic file (type png)
<use theme/uc/iu.png>
Package pdftex.def Info: theme/uc/iu.png  used on input line 8.
(pdftex.def)             Requested size: 11.09076pt x 10.0pt.
File: images/default.png Graphic file (type png)
<use images/default.png>
Package pdftex.def Info: images/default.png  used on input line 14.
(pdftex.def)             Requested size: 275.26772pt x 16.99925pt.
File: theme/uc/iu.png Graphic file (type png)
<use theme/uc/iu.png>
Package pdftex.def Info: theme/uc/iu.png  used on input line 28.
(pdftex.def)             Requested size: 11.09076pt x 10.0pt.


File: theme/headerPar.png Graphic file (type png)
<use theme/headerPar.png>
Package pdftex.def Info: theme/headerPar.png  used on input line 37.
(pdftex.def)             Requested size: 210.00035pt x 35.0pt.
File: theme/plecaAyD.png Graphic file (type png)
<use theme/plecaAyD.png>
Package pdftex.def Info: theme/plecaAyD.png  used on input line 37.
(pdftex.def)             Requested size: 614.29208pt x 88.1067pt.
[88]) (./iu/iu32.tex
File: theme/uc/iu.png Graphic file (type png)
<use theme/uc/iu.png>
Package pdftex.def Info: theme/uc/iu.png  used on input line 8.
(pdftex.def)             Requested size: 11.09076pt x 10.0pt.
File: images/default.png Graphic file (type png)
<use images/default.png>
Package pdftex.def Info: images/default.png  used on input line 14.
(pdftex.def)             Requested size: 225.21626pt x 13.90791pt.
File: theme/uc/iu.png Graphic file (type png)
<use theme/uc/iu.png>
Package pdftex.def Info: theme/uc/iu.png  used on input line 27.
(pdftex.def)             Requested size: 11.09076pt x 10.0pt.


File: theme/headerInp.png Graphic file (type png)
<use theme/headerInp.png>
Package pdftex.def Info: theme/headerInp.png  used on input line 33.
(pdftex.def)             Requested size: 210.00035pt x 35.0pt.
File: theme/plecaAyD.png Graphic file (type png)
<use theme/plecaAyD.png>
Package pdftex.def Info: theme/plecaAyD.png  used on input line 33.
(pdftex.def)             Requested size: 614.29208pt x 88.1067pt.
[89])

File: theme/headerPar.png Graphic file (type png)
<use theme/headerPar.png>
Package pdftex.def Info: theme/headerPar.png  used on input line 81.
(pdftex.def)             Requested size: 210.00035pt x 35.0pt.
File: theme/plecaAyD.png Graphic file (type png)
<use theme/plecaAyD.png>
Package pdftex.def Info: theme/plecaAyD.png  used on input line 81.
(pdftex.def)             Requested size: 614.29208pt x 88.1067pt.
[90])

File: theme/headerInp.png Graphic file (type png)
<use theme/headerInp.png>
Package pdftex.def Info: theme/headerInp.png  used on input line 46.
(pdftex.def)             Requested size: 210.00035pt x 35.0pt.
File: theme/plecaAyD.png Graphic file (type png)
<use theme/plecaAyD.png>
Package pdftex.def Info: theme/plecaAyD.png  used on input line 46.
(pdftex.def)             Requested size: 614.29208pt x 88.1067pt.
[91] (./ejemplo.aux
LaTeX Info: Redefining \. on input line 11.
LaTeX Info: Redefining \% on input line 11.
 (./projectCharter.aux) (./1introduccion.aux)
(./2ModeloDelAlcance.aux) (./3ModeloDelNegocio.aux) (./4ModeloDinamico.aux)
(./5ModeloDeInteraccion.aux))
 ***********
LaTeX2e <2024-11-01> patch level 2
L3 programming layer <2025-01-18>
 ***********
Package rerunfilecheck Info: File `ejemplo.out' has not changed.
(rerunfilecheck)             Checksum: EB04402A688A8E9539E3058CBC1E8353;31833.
 ) 
Here is how much of TeX's memory you used:
 17384 strings out of 473197
 272970 string characters out of 5718605
 712727 words of memory out of 5000000
 39413 multiletter control sequences out of 15000+600000
 619201 words of font info for 159 fonts, out of 8000000 for 9000
 1141 hyphenation exceptions out of 8191
 105i,16n,107p,768b,781s stack positions out of 10000i,1000n,20000p,200000b,200000s
</usr/share/texlive/texmf-dist/fonts/type1/public/marvosym/marvosym.pfb></usr
/share/texlive/texmf-dist/fonts/type1/public/txfonts/rtcxss.pfb></usr/share/tex
live/texmf-dist/fonts/type1/public/txfonts/rtxmi.pfb></usr/share/texlive/texmf-
dist/fonts/type1/public/txfonts/rtxr.pfb></usr/share/texlive/texmf-dist/fonts/t
ype1/public/txfonts/rtxsssc.pfb></usr/share/texlive/texmf-dist/fonts/type1/publ
ic/txfonts/txsy.pfb></usr/share/texlive/texmf-dist/fonts/type1/public/txfonts/t
xsya.pfb></usr/share/texlive/texmf-dist/fonts/type1/public/txfonts/txsyc.pfb></
usr/share/texlive/texmf-dist/fonts/type1/public/txfonts/txtt.pfb></usr/share/te
xlive/texmf-dist/fonts/type1/urw/helvetic/uhvb8a.pfb></usr/share/texlive/texmf-
dist/fonts/type1/urw/helvetic/uhvr8a.pfb></usr/share/texlive/texmf-dist/fonts/t
ype1/urw/helvetic/uhvr8a.pfb></usr/share/texlive/texmf-dist/fonts/type1/urw/tim
es/utmr8a.pfb></usr/share/texlive/texmf-dist/fonts/type1/urw/times/utmri8a.pfb>

Output written on ejemplo.pdf (105 pages, 813485 bytes).
PDF statistics:
 2388 PDF objects out of 2487 (max. 8388607)
 2200 compressed objects within 22 object streams
 794 named destinations out of 1000 (max. 500000)
 1618 words of extra memory for PDF output out of 10000 (max. 10000000)

